,channels,x (km),y (km),z (km)
0,45.0,3.85127996403,0.824682699565,0.0919509097884
1,46.0,3.84110066289,0.823736076682,0.0915120726496
2,47.0,3.83113620486,0.822661875765,0.0910837348473
3,48.0,3.82138036876,0.821462242836,0.0906654849969
4,49.0,3.81182693342,0.820139323919,0.0902569117134
5,50.0,3.80246967764,0.818695265039,0.0898576036122
6,51.0,3.79330238025,0.817132212218,0.0894671493084
7,52.0,3.78431882008,0.815452311481,0.0890851374172
8,53.0,3.77551277593,0.813657708851,0.0887111565539
9,54.0,3.76687802663,0.811750550353,0.0883447953337
10,55.0,3.75840835101,0.809732982008,0.0879856423718
11,56.0,3.75009752788,0.807607149843,0.0876332862833
12,57.0,3.74193933606,0.805375199879,0.0872873156836
13,58.0,3.73392755437,0.803039278141,0.0869473191878
14,59.0,3.72605596163,0.800601530652,0.0866128854112
15,60.0,3.71831833666,0.798064103437,0.0862836029689
16,61.0,3.71070845828,0.795429142519,0.0859590604762
17,62.0,3.70322010532,0.792698793921,0.0856388465482
18,63.0,3.69584705659,0.789875203668,0.0853225498002
19,64.0,3.68858309091,0.786960517782,0.0850097588475
20,65.0,3.6814219871,0.783956882289,0.0847000623051
21,66.0,3.67435752399,0.780866443211,0.0843930487884
22,67.0,3.66738348039,0.777691346572,0.0840883069126
23,68.0,3.66049363512,0.774433738396,0.0837854252928
24,69.0,3.653681767,0.771095764706,0.0834839925442
25,70.0,3.64694165486,0.767679571527,0.0831835972822
26,71.0,3.64026707751,0.764187304882,0.0828838281218
27,72.0,3.63365181377,0.760621110794,0.0825842736784
28,73.0,3.62708964247,0.756983135288,0.082284522567
29,74.0,3.62057434242,0.753275524387,0.081984163403
30,75.0,3.61409969245,0.749500424115,0.0816827848016
31,76.0,3.60765947136,0.745659980496,0.0813799753779
32,77.0,3.601247458,0.741756339553,0.0810753237472
33,78.0,3.59485743116,0.737791647309,0.0807684185247
34,79.0,3.58848316968,0.73376804979,0.0804588483256
35,80.0,3.58211845238,0.729687693018,0.0801462017651
36,81.0,3.57575705807,0.725552723017,0.0798300674584
37,82.0,3.56939276557,0.72136528581,0.0795100340208
38,83.0,3.56301935371,0.717127527423,0.0791856900674
39,84.0,3.55663060131,0.712841593877,0.0788566242135
40,85.0,3.55022028718,0.708509631198,0.0785224250742
41,86.0,3.54378219014,0.704133785408,0.0781826812649
42,87.0,3.53731008902,0.699716202531,0.0778369814006
43,88.0,3.53079776264,0.695259028592,0.0774849140967
44,89.0,3.52423898981,0.690764409613,0.0771260679683
45,90.0,3.51762754935,0.686234491619,0.0767600316307
46,91.0,3.5109572201,0.681671420633,0.076386393699
47,92.0,3.50422178086,0.677077342679,0.0760047427884
48,93.0,3.49741798605,0.672453380195,0.0756151132216
49,94.0,3.49055449249,0.667796561273,0.0752193221504
50,95.0,3.4836429326,0.663102890423,0.074819632434
51,96.0,3.47669493877,0.65836837215,0.0744183069316
52,97.0,3.46972214343,0.653589010963,0.0740176085023
53,98.0,3.46273617899,0.648760811369,0.0736198000055
54,99.0,3.45574867785,0.643879777875,0.0732271443003
55,100.0,3.44877127243,0.638941914989,0.072841904246
56,101.0,3.44181559515,0.633943227219,0.0724663427016
57,102.0,3.43489327841,0.628879719072,0.0721027225265
58,103.0,3.42801595462,0.623747395055,0.0717533065798
59,104.0,3.42119525621,0.618542259676,0.0714203577208
60,105.0,3.41444281557,0.613260317442,0.0711061388086
61,106.0,3.40777026512,0.607897572862,0.0708129127024
62,107.0,3.40118923728,0.602450030441,0.0705429422616
63,108.0,3.39471136446,0.596913694689,0.0702984903451
64,109.0,3.38834827906,0.591284570111,0.0700818198124
65,110.0,3.3821116135,0.585558661217,0.0698951935225
66,111.0,3.3760130002,0.579731972513,0.0697408743347
67,112.0,3.37006407156,0.573800508506,0.0696211251082
68,113.0,3.36427645999,0.567760273705,0.0695382087022
69,114.0,3.35866179791,0.561607272616,0.0694943879759
70,115.0,3.35323171773,0.555337509748,0.0694919257884
71,116.0,3.34799367979,0.54894897429,0.0695322266753
72,117.0,3.3429384561,0.542447594167,0.0696132618766
73,118.0,3.3380526466,0.535841281984,0.0697321443086
74,119.0,3.33332285124,0.529137950348,0.0698859868876
75,120.0,3.32873566997,0.522345511865,0.0700719025299
76,121.0,3.32427770271,0.515471879143,0.0702870041519
77,122.0,3.31993554943,0.508524964787,0.0705284046699
78,123.0,3.31569581004,0.501512681404,0.070793217
79,124.0,3.31154508451,0.494442941601,0.0710785540588
80,125.0,3.30746997277,0.487323657983,0.0713815287624
81,126.0,3.30345707477,0.480162743158,0.0716992540272
82,127.0,3.29949299043,0.472968109732,0.0720288427694
83,128.0,3.29556431972,0.465747670311,0.0723674079054
84,129.0,3.29165766257,0.458509337501,0.0727120623516
85,130.0,3.28775961892,0.45126102391,0.0730599190241
86,131.0,3.28385678872,0.444010642144,0.0734080908393
87,132.0,3.2799357719,0.436766104809,0.0737536907135
88,133.0,3.27598316842,0.429535324512,0.0740938315631
89,134.0,3.2719855782,0.422326213858,0.0744256263042
90,135.0,3.2679296012,0.415146685456,0.0747461878533
91,136.0,3.26380183736,0.40800465191,0.0750526291267
92,137.0,3.25958888661,0.400908025828,0.0753420630405
93,138.0,3.2552773489,0.393864719816,0.0756116025112
94,139.0,3.25085382418,0.38688264648,0.0758583604551
95,140.0,3.24630491238,0.379969718428,0.0760794497884
96,141.0,3.24162137358,0.373131729236,0.0762727299978
97,142.0,3.23681060835,0.366365996366,0.0764390468511
98,143.0,3.23188417741,0.359667718252,0.0765799926863
99,144.0,3.22685364146,0.353032093327,0.0766971598415
100,145.0,3.22173056121,0.346454320024,0.0767921406549
101,146.0,3.21652649737,0.339929596776,0.0768665274645
102,147.0,3.21125301065,0.333453122015,0.0769219126084
103,148.0,3.20592166176,0.327020094176,0.0769598884248
104,149.0,3.2005440114,0.320625711691,0.0769820472516
105,150.0,3.19513162028,0.314265172993,0.0769899814271
106,151.0,3.18969604911,0.307933676516,0.0769852832892
107,152.0,3.18424885861,0.301626420692,0.0769695451761
108,153.0,3.17880160947,0.295338603955,0.0769443594259
109,154.0,3.17336586241,0.289065424738,0.0769113183766
110,155.0,3.16795317814,0.282802081473,0.0768720143664
111,156.0,3.16257511736,0.276543772594,0.0768280397334
112,157.0,3.15724324078,0.270285696534,0.0767809868156
113,158.0,3.15196910911,0.264023051727,0.0767324479511
114,159.0,3.14676428306,0.257751036604,0.0766840154781
115,160.0,3.14164032334,0.2514648496,0.0766372817346
116,161.0,3.13660879066,0.245159689147,0.0765938390586
117,162.0,3.13168124572,0.238830753678,0.0765552797884
118,163.0,3.1268658492,0.232474358496,0.0765228138746
119,164.0,3.12215716164,0.226091286371,0.0764961217184
120,165.0,3.11754634354,0.219683436945,0.0764745013334
121,166.0,3.11302455542,0.213252709858,0.0764572507336
122,167.0,3.10858295777,0.206801004752,0.0764436679325
123,168.0,3.10421271111,0.200330221266,0.0764330509441
124,169.0,3.09990497594,0.193842259042,0.076424697782
125,170.0,3.09565091276,0.18733901772,0.0764179064599
126,171.0,3.09144168209,0.18082239694,0.0764119749918
127,172.0,3.08726844442,0.174294296343,0.0764062013913
128,173.0,3.08312236027,0.16775661557,0.0763998836721
129,174.0,3.07899459014,0.161211254262,0.0763923198481
130,175.0,3.07487629454,0.154660112059,0.076382807933
131,176.0,3.07075863396,0.148105088601,0.0763706459405
132,177.0,3.06663276893,0.14154808353,0.0763551318844
133,178.0,3.06248985995,0.134990996486,0.0763355637785
134,179.0,3.05832106751,0.128435727109,0.0763112396366
135,180.0,3.05411755214,0.121884175041,0.0762814574723
136,181.0,3.04987047433,0.115338239921,0.0762455152994
137,182.0,3.04557099458,0.108799821391,0.0762027111318
138,183.0,3.04121027342,0.102270819091,0.0761523429831
139,184.0,3.03677947134,0.0957531326621,0.0760937088672
140,185.0,3.03226974884,0.0892486617441,0.0760261067977
141,186.0,3.02767226644,0.0827593059782,0.0759488347884
142,187.0,3.02297950197,0.076287580607,0.0758614351391
143,188.0,3.01818920257,0.0698384632822,0.0757644272931
144,189.0,3.01330043271,0.0634175472574,0.0756585749799
145,190.0,3.00831225687,0.0570304257863,0.0755446419286
146,191.0,3.00322373952,0.0506826921227,0.0754233918688
147,192.0,2.99803394512,0.0443799395203,0.0752955885298
148,193.0,2.99274193815,0.0381277612328,0.0751619956409
149,194.0,2.98734678308,0.0319317505138,0.0750233769314
150,195.0,2.98184754438,0.0257975006172,0.0748804961308
151,196.0,2.97624328653,0.0197306047967,0.0747341169684
152,197.0,2.97053307399,0.0137366563058,0.0745850031735
153,198.0,2.96471597123,0.00782124839849,0.0744339184756
154,199.0,2.95879104273,0.00198997432831,0.0742816266038
155,200.0,2.95275735295,-0.00375157265096,0.0741288912877
156,201.0,2.94661396638,-0.00939779928563,0.0739764762565
157,202.0,2.94035994747,-0.014943112322,0.0738251452397
158,203.0,2.9339943607,-0.0203819185063,0.0736756619665
159,204.0,2.92751627055,-0.0257086245848,0.0735287901664
160,205.0,2.92092474148,-0.0309176373039,0.0733852935686
161,206.0,2.91421883797,-0.0360033634098,0.0732459359026
162,207.0,2.90739762448,-0.0409602096488,0.0731114808976
163,208.0,2.90046016549,-0.0457825827671,0.0729826922831
164,209.0,2.89340552547,-0.0504648895112,0.0728603337884
165,210.0,2.88623407202,-0.0550030226932,0.0727450764686
166,211.0,2.8789513853,-0.0593988193895,0.0726372206815
167,212.0,2.8715643486,-0.0636556027424,0.0725369741106
168,213.0,2.8640798452,-0.0677766958943,0.0724445444396
169,214.0,2.85650475839,-0.0717654219875,0.0723601393519
170,215.0,2.84884597146,-0.0756251041643,0.0722839665312
171,216.0,2.8411103677,-0.079359065567,0.072216233661
172,217.0,2.8333048304,-0.0829706293381,0.0721571484249
173,218.0,2.82543624284,-0.0864631186198,0.0721069185064
174,219.0,2.81751148831,-0.0898398565544,0.072065751589
175,220.0,2.8095374501,-0.0931041662844,0.0720338553564
176,221.0,2.8015210115,-0.0962593709519,0.072011437492
177,222.0,2.79346905579,-0.0993087936995,0.0719987056795
178,223.0,2.78538846627,-0.102255757669,0.0719958676024
179,224.0,2.77728612622,-0.105103586004,0.0720031309443
180,225.0,2.76916891893,-0.107855601845,0.0720207033886
181,226.0,2.76104372768,-0.110515128336,0.0720487926191
182,227.0,2.75291743577,-0.113085488618,0.0720876063192
183,228.0,2.74479692649,-0.115570005835,0.0721373521724
184,229.0,2.73668908311,-0.117972003127,0.0721982378624
185,230.0,2.72860078894,-0.120294803639,0.0722704710727
186,231.0,2.72053892725,-0.122541730511,0.0723542594869
187,232.0,2.71251038134,-0.124716106887,0.0724498107884
188,233.0,2.70452056376,-0.126821710312,0.0725571786935
189,234.0,2.6965690042,-0.128864135952,0.072675801048
190,235.0,2.68865376159,-0.130849433374,0.0728049617304
191,236.0,2.68077289487,-0.132783652147,0.0729439446193
192,237.0,2.672924463,-0.13467284184,0.0730920335932
193,238.0,2.66510652492,-0.13652305202,0.0732485125305
194,239.0,2.65731713957,-0.138340332256,0.0734126653097
195,240.0,2.64955436589,-0.140130732117,0.0735837758094
196,241.0,2.64181626284,-0.141900301172,0.0737611279079
197,242.0,2.63410088935,-0.143655088988,0.0739440054839
198,243.0,2.62640630438,-0.145401145133,0.0741316924158
199,244.0,2.61873056686,-0.147144519177,0.0743234725821
200,245.0,2.61107173574,-0.148891260688,0.0745186298613
201,246.0,2.60342786997,-0.150647419235,0.0747164481318
202,247.0,2.59579702849,-0.152419044385,0.0749162112723
203,248.0,2.58817727024,-0.154212185707,0.0751172031611
204,249.0,2.58056665418,-0.156032892769,0.0753187076768
205,250.0,2.57296323924,-0.157887215141,0.0755200086978
206,251.0,2.56536508437,-0.15978120239,0.0757203901027
207,252.0,2.55777024851,-0.161720904085,0.0759191357699
208,253.0,2.55017679062,-0.163712369794,0.076115529578
209,254.0,2.54258276963,-0.165761649086,0.0763088554053
210,255.0,2.53498624449,-0.167874791529,0.0764983971306
211,256.0,2.52738527414,-0.170057846691,0.0766834386321
212,257.0,2.51977791753,-0.172316864142,0.0768632637884
213,258.0,2.51216265781,-0.174656071042,0.0770373194831
214,259.0,2.50453967494,-0.177072404926,0.0772057046197
215,260.0,2.49690957308,-0.179560980922,0.0773686811069
216,261.0,2.48927295641,-0.182116914157,0.0775265108534
217,262.0,2.48163042907,-0.184735319758,0.0776794557677
218,263.0,2.47398259525,-0.187411312853,0.0778277777586
219,264.0,2.4663300591,-0.190140008569,0.0779717387346
220,265.0,2.45867342479,-0.192916522034,0.0781116006045
221,266.0,2.45101329648,-0.195735968376,0.0782476252768
222,267.0,2.44335027834,-0.198593462722,0.0783800746602
223,268.0,2.43568497454,-0.201484120199,0.0785092106633
224,269.0,2.42801798924,-0.204403055935,0.0786352951949
225,270.0,2.4203499266,-0.207345385057,0.0787585901635
226,271.0,2.41268139079,-0.210306222694,0.0788793574778
227,272.0,2.40501298598,-0.213280683972,0.0789978590464
228,273.0,2.39734531632,-0.216263884018,0.079114356778
229,274.0,2.389678986,-0.219250937962,0.0792291125812
230,275.0,2.38201459916,-0.222236960929,0.0793423883646
231,276.0,2.37435275998,-0.225217068047,0.079454446037
232,277.0,2.36669407261,-0.228186374445,0.0795655475069
233,278.0,2.35903914124,-0.231139995249,0.079675954683
234,279.0,2.35138857001,-0.234073045587,0.079785929474
235,280.0,2.3437429631,-0.236980640586,0.0798957337884
236,281.0,2.33610298979,-0.239859339345,0.0800054865913
237,282.0,2.32846957982,-0.242711476842,0.0801147350725
238,283.0,2.32084372807,-0.24554083203,0.0802228834784
239,284.0,2.31322642941,-0.248351183856,0.0803293360553
240,285.0,2.3056186787,-0.251146311273,0.0804334970493
241,286.0,2.29802147082,-0.25392999323,0.0805347707068
242,287.0,2.29043580062,-0.256706008677,0.080632561274
243,288.0,2.28286266298,-0.259478136565,0.0807262729972
244,289.0,2.27530305277,-0.262250155843,0.0808153101226
245,290.0,2.26775796486,-0.265025845463,0.0808990768966
246,291.0,2.2602283941,-0.267808984374,0.0809769775653
247,292.0,2.25271533538,-0.270603351526,0.0810484163751
248,293.0,2.24521978356,-0.27341272587,0.0811127975722
249,294.0,2.23774273351,-0.276240886356,0.0811695254029
250,295.0,2.23028518009,-0.279091611934,0.0812180041134
251,296.0,2.22284811818,-0.281968681555,0.08125763795
252,297.0,2.21543254264,-0.284875874169,0.0812878311591
253,298.0,2.20803944834,-0.287816968725,0.0813079879867
254,299.0,2.20066983015,-0.290795744175,0.0813175126793
255,300.0,2.19332468294,-0.293815979468,0.081315809483
256,301.0,2.18600500158,-0.296881453554,0.0813022826441
257,302.0,2.17871178093,-0.299995945385,0.081276336409
258,303.0,2.17144601586,-0.303163233909,0.0812373750238
259,304.0,2.16420870124,-0.306387098078,0.0811848027349
260,305.0,2.15700083194,-0.309671316842,0.0811180237884
261,306.0,2.14982284823,-0.313018107566,0.0810366392112
262,307.0,2.14267297197,-0.316423441281,0.0809410371515
263,308.0,2.13554887043,-0.319881727435,0.0808318025384
264,309.0,2.12844821088,-0.323387375472,0.0807095203005
265,310.0,2.12136866058,-0.32693479484,0.0805747753668
266,311.0,2.11430788679,-0.330518394985,0.0804281526661
267,312.0,2.10726355678,-0.334132585353,0.0802702371273
268,313.0,2.10023333783,-0.33777177539,0.0801016136791
269,314.0,2.09321489719,-0.341430374544,0.0799228672506
270,315.0,2.08620590213,-0.345102792261,0.0797345827705
271,316.0,2.07920401991,-0.348783437987,0.0795373451676
272,317.0,2.07220691781,-0.352466721168,0.0793317393708
273,318.0,2.06521226308,-0.356147051251,0.079118350309
274,319.0,2.058217723,-0.359818837682,0.0788977629111
275,320.0,2.05122096483,-0.363476489908,0.0786705621058
276,321.0,2.04421965583,-0.367114417375,0.078437332822
277,322.0,2.03721146328,-0.37072702953,0.0781986599886
278,323.0,2.03019405443,-0.374308735818,0.0779551285344
279,324.0,2.02316509656,-0.377853945687,0.0777073233883
280,325.0,2.01612225692,-0.381357068583,0.077455829479
281,326.0,2.00906320279,-0.384812513952,0.0772012317356
282,327.0,2.00198560143,-0.388214691241,0.0769441150868
283,328.0,1.99488712011,-0.391558009896,0.0766850644615
284,329.0,1.98776542609,-0.394836879363,0.0764246647884
285,330.0,1.98061851738,-0.398047307467,0.0761634742361
286,331.0,1.97344571493,-0.401191695542,0.0759019439309
287,332.0,1.96624667045,-0.4042740433,0.0756404982387
288,333.0,1.95902103562,-0.407298350452,0.0753795615256
289,334.0,1.95176846216,-0.410268616712,0.0751195581574
290,335.0,1.94448860176,-0.413188841791,0.0748609125
291,336.0,1.9371811061,-0.416063025401,0.0746040489196
292,337.0,1.92984562691,-0.418895167253,0.0743493917818
293,338.0,1.92248181586,-0.421689267061,0.0740973654529
294,339.0,1.91508932466,-0.424449324536,0.0738483942985
295,340.0,1.907667805,-0.427179339391,0.0736029026848
296,341.0,1.90021690859,-0.429883311336,0.0733613149776
297,342.0,1.89273628712,-0.432565240084,0.0731240555429
298,343.0,1.88522559228,-0.435229125348,0.0728915487467
299,344.0,1.87768447579,-0.437878966839,0.0726642189548
300,345.0,1.87011258932,-0.440518764269,0.0724424905333
301,346.0,1.86250958459,-0.44315251735,0.072226787848
302,347.0,1.85487511329,-0.445784225794,0.0720175352649
303,348.0,1.84720882711,-0.448417889314,0.07181515715
304,349.0,1.83951037776,-0.451057507621,0.0716200778692
305,350.0,1.83177941693,-0.453707080427,0.0714327217884
306,351.0,1.82401594637,-0.456369625313,0.0712533728845
307,352.0,1.816221368,-0.45904423133,0.0710817535779
308,353.0,1.8083974338,-0.461729005399,0.0709174458999
309,354.0,1.80054589574,-0.46442205444,0.0707600318817
310,355.0,1.7926685058,-0.467121485374,0.0706090935548
311,356.0,1.78476701595,-0.469825405119,0.0704642129503
312,357.0,1.77684317816,-0.472531920598,0.0703249720996
313,358.0,1.76889874442,-0.475239138729,0.0701909530341
314,359.0,1.76093546668,-0.477945166434,0.0700617377849
315,360.0,1.75295509694,-0.480648110632,0.0699369083834
316,361.0,1.74495938715,-0.483346078244,0.0698160468609
317,362.0,1.73695008931,-0.486037176189,0.0696987352487
318,363.0,1.72892895537,-0.488719511389,0.0695845555781
319,364.0,1.72089773732,-0.491391190763,0.0694730898805
320,365.0,1.71285818712,-0.494050321232,0.069363920187
321,366.0,1.70481205676,-0.496695009715,0.069256628529
322,367.0,1.69676109821,-0.499323363134,0.0691507969378
323,368.0,1.68870706343,-0.501933488408,0.0690460074448
324,369.0,1.68065170442,-0.504523492457,0.0689418420811
325,370.0,1.67259677313,-0.507091482202,0.0688378828782
326,371.0,1.66454402154,-0.509635564563,0.0687337118673
327,372.0,1.65649520164,-0.512153846461,0.0686289110797
328,373.0,1.64845206538,-0.514644434814,0.0685230625467
329,374.0,1.64041636475,-0.517105436545,0.0684157482996
330,375.0,1.63238985172,-0.519534958572,0.0683065503698
331,376.0,1.62437427827,-0.521931107817,0.0681950507884
332,377.0,1.61637124575,-0.524293075564,0.0680810531788
333,378.0,1.60838175308,-0.52662439056,0.0679652475314
334,379.0,1.60040664855,-0.528929665917,0.0678485454289
335,380.0,1.59244678046,-0.531213514746,0.0677318584535
336,381.0,1.5845029971,-0.533480550158,0.0676160981879
337,382.0,1.57657614678,-0.535735385265,0.0675021762145
338,383.0,1.56866707779,-0.537982633179,0.0673910041157
339,384.0,1.56077663842,-0.540226907011,0.0672834934741
340,385.0,1.55290567697,-0.542472819873,0.0671805558721
341,386.0,1.54505504174,-0.544724984876,0.0670831028922
342,387.0,1.53722558103,-0.546988015132,0.0669920461168
343,388.0,1.52941814313,-0.549266523752,0.0669082971285
344,389.0,1.52163357634,-0.551565123849,0.0668327675097
345,390.0,1.51387272895,-0.553888428532,0.0667663688428
346,391.0,1.50613644927,-0.556241050915,0.0667100127104
347,392.0,1.49842558558,-0.558627604108,0.066664610695
348,393.0,1.49074098619,-0.561052701223,0.0666310743789
349,394.0,1.4830834994,-0.563520955372,0.0666103153447
350,395.0,1.47545397349,-0.566036979666,0.0666032451749
351,396.0,1.46785325677,-0.568605387217,0.0666107754518
352,397.0,1.46028219753,-0.571230791136,0.0666338177581
353,398.0,1.45274164406,-0.573917804534,0.0666732836762
354,399.0,1.44523244468,-0.576671040524,0.0667300847884
355,400.0,1.43775487751,-0.579494043591,0.066804701727
356,401.0,1.43030694012,-0.582386083714,0.0668958913218
357,402.0,1.4228860599,-0.585345362248,0.0670019794526
358,403.0,1.41548966424,-0.588370080547,0.0671212919989
359,404.0,1.40811518055,-0.591458439964,0.0672521548404
360,405.0,1.40076003622,-0.594608641853,0.0673928938566
361,406.0,1.39342165866,-0.597818887569,0.0675418349273
362,407.0,1.38609747526,-0.601087378465,0.0676973039319
363,408.0,1.37878491342,-0.604412315894,0.0678576267501
364,409.0,1.37148140053,-0.607791901212,0.0680211292615
365,410.0,1.36418436401,-0.611224335771,0.0681861373457
366,411.0,1.35689123124,-0.614707820927,0.0683509768823
367,412.0,1.34959942962,-0.618240558031,0.0685139737509
368,413.0,1.34230638655,-0.62182074844,0.0686734538312
369,414.0,1.33500952944,-0.625446593505,0.0688277430028
370,415.0,1.32770628567,-0.629116294582,0.0689751671452
371,416.0,1.32039408265,-0.632828053024,0.0691140521381
372,417.0,1.31307034778,-0.636580070186,0.069242723861
373,418.0,1.30573250845,-0.64037054742,0.0693595081936
374,419.0,1.29837799206,-0.644197686081,0.0694627310156
375,420.0,1.29100422602,-0.648059687523,0.0695507182064
376,421.0,1.28360863771,-0.651954753099,0.0696217956457
377,422.0,1.27618865454,-0.655881084164,0.0696742892132
378,423.0,1.26874170391,-0.659836882072,0.0697065247884
379,424.0,1.26126637743,-0.663820370565,0.0697173465172
380,425.0,1.25376592354,-0.667829862947,0.0697076716105
381,426.0,1.24624475492,-0.671863694909,0.0696789355454
382,427.0,1.23870728423,-0.675920202144,0.069632573799
383,428.0,1.23115792414,-0.679997720343,0.0695700218484
384,429.0,1.22360108731,-0.684094585199,0.0694927151708
385,430.0,1.2160411864,-0.688209132403,0.0694020892434
386,431.0,1.20848263408,-0.692339697648,0.0692995795431
387,432.0,1.20092984302,-0.696484616625,0.0691866215472
388,433.0,1.19338722588,-0.700642225028,0.0690646507327
389,434.0,1.18585919532,-0.704810858546,0.0689351025769
390,435.0,1.17835016402,-0.708988852874,0.0687994125568
391,436.0,1.17086454463,-0.713174543702,0.0686590161495
392,437.0,1.16340674983,-0.717366266723,0.0685153488323
393,438.0,1.15598119227,-0.721562357629,0.0683698460821
394,439.0,1.14859228462,-0.725761152112,0.0682239433762
395,440.0,1.14124443955,-0.729960985864,0.0680790761916
396,441.0,1.13394206972,-0.734160194576,0.0679366800055
397,442.0,1.12668958779,-0.738357113942,0.067798190295
398,443.0,1.11949140644,-0.742550079653,0.0676650425372
399,444.0,1.11235193832,-0.7467374274,0.0675386722093
400,445.0,1.10527559611,-0.750917492877,0.0674205147884
401,446.0,1.098263926,-0.755086382249,0.0673116531444
402,447.0,1.09130700833,-0.759231283576,0.0672117597178
403,448.0,1.08439205697,-0.763337155396,0.0671201543422
404,449.0,1.07750628581,-0.767388956242,0.0670361568509
405,450.0,1.0706369087,-0.771371644649,0.0669590870774
406,451.0,1.06377113953,-0.775270179153,0.066888264855
407,452.0,1.05689619216,-0.77906951829,0.0668230100172
408,453.0,1.04999928048,-0.782754620593,0.0667626423974
409,454.0,1.04306761836,-0.786310444599,0.066706481829
410,455.0,1.03608841967,-0.789721948843,0.0666538481454
411,456.0,1.02904889828,-0.792974091858,0.0666040611801
412,457.0,1.02193626806,-0.796051832182,0.0665564407664
413,458.0,1.0147377429,-0.798940128349,0.0665103067377
414,459.0,1.00744053666,-0.801623938893,0.0664649789274
415,460.0,1.00003186322,-0.804088222351,0.0664197771691
416,461.0,0.992498936451,-0.806317937257,0.066374021296
417,462.0,0.984828970228,-0.808298042147,0.0663270311416
418,463.0,0.977009178423,-0.810013495555,0.0662781265393
419,464.0,0.969026774911,-0.811449256017,0.0662266273225
420,465.0,0.960868973564,-0.812590282068,0.0661718533246
421,466.0,0.952522988258,-0.813421532243,0.0661131243791
422,467.0,0.943976032865,-0.813927965078,0.0660497603193
423,468.0,0.935215321259,-0.814094539106,0.0659810809786
424,469.0,0.926228067314,-0.813906212865,0.0659064061905
425,470.0,0.917001484903,-0.813347944888,0.0658250557884
426,471.0,0.907532595866,-0.812416126275,0.0657367812656
427,472.0,0.897857653903,-0.811152878383,0.065643060755
428,473.0,0.88802272068,-0.809611755134,0.0655458040493
429,474.0,0.878073857865,-0.807846310448,0.0654469209414
430,475.0,0.868057127123,-0.805910098247,0.0653483212241
431,476.0,0.858018590122,-0.803856672453,0.0652519146902
432,477.0,0.848004308526,-0.801739586985,0.0651596111324
433,478.0,0.838060344003,-0.799612395767,0.0650733203437
434,479.0,0.828232758219,-0.797528652718,0.0649949521166
435,480.0,0.818567612841,-0.79554191176,0.0649264162442
436,481.0,0.809110969535,-0.793705726815,0.0648696225191
437,482.0,0.799908889966,-0.792073651804,0.0648264807341
438,483.0,0.791007435803,-0.790699240648,0.0647989006822
439,484.0,0.78245266871,-0.789636047267,0.0647887921559
440,485.0,0.774290650355,-0.788937625585,0.0647980649483
441,486.0,0.766567442404,-0.788657529521,0.0648286288519
442,487.0,0.759329106522,-0.788849312997,0.0648823936597
443,488.0,0.752621704377,-0.789566529934,0.0649612691645
444,489.0,0.746491297636,-0.790862734254,0.065067165159
445,490.0,0.740983947963,-0.792791479877,0.0652019914361
446,491.0,0.736145717026,-0.795406320726,0.0653676577884
447,492.0,0.732001102638,-0.798523961351,0.0655610235868
448,493.0,0.728488347197,-0.801013708827,0.065758746513
449,494.0,0.725524129247,-0.801508020856,0.065932433827
450,495.0,0.723025127333,-0.798639355143,0.0660536927884
451,496.0,0.720949657597,-0.79179252363,0.0661033743991
452,497.0,0.719422586566,-0.783361755213,0.0660993046284
453,498.0,0.718610418364,-0.776493633026,0.0660685531877
454,499.0,0.718679657117,-0.774334740204,0.0660381897884
455,500.0,0.719670625122,-0.778827225973,0.0660289041726
456,501.0,0.721118917379,-0.787095503928,0.0660358662042
457,502.0,0.722433947058,-0.795059553756,0.0660478657779
458,503.0,0.723025127333,-0.798639355143,0.0660536927884
459,504.0,0.72249468449,-0.795111435749,0.0660459983288
460,505.0,0.72121609727,-0.787178515118,0.0660328782856
461,506.0,0.719755657527,-0.778899860764,0.0660262897439
462,507.0,0.718679657117,-0.774334740204,0.0660381897884
463,508.0,0.718452501042,-0.776358739842,0.0660734085553
464,509.0,0.719131046893,-0.783112721643,0.0661082683839
465,510.0,0.72067026541,-0.791553866459,0.0661119646648
466,511.0,0.723025127333,-0.798639355143,0.0660536927884
467,512.0,0.726076104625,-0.802031752823,0.0659155522099
468,513.0,0.729405674152,-0.802215161723,0.0657312586426
469,514.0,0.732521814001,-0.800379068341,0.0655474318646
470,515.0,0.734932502263,-0.797712959176,0.0654106916539
471,516.0,0.736145717026,-0.795406320726,0.0653676577884
472,517.0,0.735797406028,-0.794390576597,0.0654478613817
473,518.0,0.734035395589,-0.794564898828,0.0656124788882
474,519.0,0.731135481681,-0.795570396565,0.0658055980982
475,520.0,0.727373460272,-0.797048178955,0.0659713068016
476,521.0,0.723025127333,-0.798639355143,0.0660536927884
477,522.0,0.718322251016,-0.800061722843,0.0660109535301
478,523.0,0.713320488214,-0.80133983403,0.0658577252231
479,524.0,0.708031468,-0.802574929245,0.0656227537453
480,525.0,0.702466819449,-0.803868249031,0.0653347849744
481,526.0,0.696638171637,-0.805321033928,0.0650225647884
482,527.0,0.690557615949,-0.80701567005,0.0647100637023
483,528.0,0.684239093004,-0.80895912579,0.0644021507798
484,529.0,0.677697005735,-0.811139515111,0.064098919722
485,530.0,0.670945757072,-0.813544951979,0.06380046423
486,531.0,0.663999749945,-0.816163550356,0.0635068780047
487,532.0,0.656873387286,-0.818983424208,0.0632182547471
488,533.0,0.649581072025,-0.821992687498,0.0629346881583
489,534.0,0.642137207092,-0.825179454191,0.0626562719393
490,535.0,0.634556195419,-0.82853183825,0.0623830997912
491,536.0,0.626852439935,-0.83203795364,0.0621152654148
492,537.0,0.619040343573,-0.835685914325,0.0618528625114
493,538.0,0.611134309262,-0.839463834268,0.0615959847818
494,539.0,0.603148739934,-0.843359827435,0.0613447259271
495,540.0,0.595098038518,-0.847362007788,0.0610991796483
496,541.0,0.586996607947,-0.851458489293,0.0608594396465
497,542.0,0.578858851149,-0.855637385914,0.0606255996226
498,543.0,0.570699171057,-0.859886811614,0.0603977532777
499,544.0,0.562531970601,-0.864194880357,0.0601759943128
500,545.0,0.554371652711,-0.868549706108,0.059960416429
501,546.0,0.546232620318,-0.872939402831,0.0597511133271
502,547.0,0.538129276354,-0.87735208449,0.0595481787084
503,548.0,0.530076023748,-0.881775865049,0.0593517062737
504,549.0,0.522087265431,-0.886198858472,0.0591617897241
505,550.0,0.514177404335,-0.890609178723,0.0589785227606
506,551.0,0.506360843389,-0.894994939766,0.0588019990843
507,552.0,0.498651985525,-0.899344255566,0.0586323123962
508,553.0,0.491065233674,-0.903645240087,0.0584695563972
509,554.0,0.483614990765,-0.907886007293,0.0583138247884
510,555.0,0.476311466452,-0.912057214505,0.058165153637
511,556.0,0.469148097275,-0.916159692477,0.0580233484743
512,557.0,0.462114126499,-0.920196815321,0.0578881571981
513,558.0,0.455198797385,-0.924171957148,0.0577593277059
514,559.0,0.448391353196,-0.928088492069,0.0576366078952
515,560.0,0.441681037197,-0.931949794196,0.0575197456637
516,561.0,0.435057092649,-0.93575923764,0.057408488909
517,562.0,0.428508762816,-0.939520196513,0.0573025855286
518,563.0,0.42202529096,-0.943236044926,0.0572017834202
519,564.0,0.415595920345,-0.94691015699,0.0571058304813
520,565.0,0.409209894234,-0.950545906817,0.0570144746096
521,566.0,0.402856455889,-0.954146668518,0.0569274637025
522,567.0,0.396524848574,-0.957715816205,0.0568445456578
523,568.0,0.390204315552,-0.961256723988,0.0567654683729
524,569.0,0.383884100086,-0.96477276598,0.0566899797456
525,570.0,0.377553445438,-0.968267316291,0.0566178276733
526,571.0,0.371201594872,-0.971743749034,0.0565487600536
527,572.0,0.36481779165,-0.975205438319,0.0564825247843
528,573.0,0.358391279036,-0.978655758258,0.0564188697627
529,574.0,0.351911300293,-0.982098082962,0.0563575428867
530,575.0,0.345367098683,-0.985535786543,0.0562982920536
531,576.0,0.33874791747,-0.988972243111,0.0562408651611
532,577.0,0.332042999917,-0.99241082678,0.0561850101069
533,578.0,0.325241589287,-0.995854911659,0.0561304747884
534,579.0,0.318335759835,-0.9993070234,0.056077060353
535,580.0,0.311328909796,-1.00276629381,0.0560247809463
536,581.0,0.304227268395,-1.00623100625,0.0559737039636
537,582.0,0.297037064857,-1.00969944405,0.0559238968003
538,583.0,0.28976452841,-1.01316989058,0.0558754268518
539,584.0,0.282415888279,-1.01664062918,0.0558283615133
540,585.0,0.274997373691,-1.02010994319,0.0557827681802
541,586.0,0.267515213871,-1.02357611598,0.0557387142478
542,587.0,0.259975638046,-1.02703743089,0.0556962671115
543,588.0,0.252384875441,-1.03049217126,0.0556554941666
544,589.0,0.244749155284,-1.03393862045,0.0556164628084
545,590.0,0.237074706799,-1.03737506182,0.0555792404323
546,591.0,0.229367759214,-1.0407997787,0.0555438944336
547,592.0,0.221634541754,-1.04421105444,0.0555104922077
548,593.0,0.213881283645,-1.04760717241,0.0554791011498
549,594.0,0.206114214114,-1.05098641594,0.0554497886553
550,595.0,0.198339562387,-1.05434706839,0.0554226221195
551,596.0,0.190563557689,-1.0576874131,0.0553976689379
552,597.0,0.182792429247,-1.06100573343,0.0553749965056
553,598.0,0.175032406287,-1.06430031273,0.0553546722181
554,599.0,0.167289718036,-1.06756943434,0.0553367634707
555,600.0,0.159570593719,-1.07081138161,0.0553213376586
556,601.0,0.151881262562,-1.0740244379,0.0553084621774
557,602.0,0.144227953792,-1.07720688656,0.0552982044222
558,603.0,0.136616896634,-1.08035701093,0.0552906317884
559,604.0,0.12905263081,-1.08347340782,0.0552857896435
560,605.0,0.121532938021,-1.08655592793,0.0552836352431
561,606.0,0.11405391046,-1.08960473541,0.0552841038149
562,607.0,0.106611640325,-1.0926199944,0.0552871305868
563,608.0,0.0992022198095,-1.09560186906,0.0552926507866
564,609.0,0.0918217411095,-1.09855052353,0.0553005996418
565,610.0,0.0844662964203,-1.10146612196,0.0553109123804
566,611.0,0.0771319779372,-1.10434882852,0.0553235242301
567,612.0,0.0698148778554,-1.10719880734,0.0553383704187
568,613.0,0.0625110883704,-1.11001622257,0.0553553861739
569,614.0,0.0552167016774,-1.11280123838,0.0553745067234
570,615.0,0.0479278099718,-1.1155540189,0.0553956672951
571,616.0,0.0406405054489,-1.1182747283,0.0554188031167
572,617.0,0.0333508803041,-1.12096353071,0.055443849416
573,618.0,0.0260550267326,-1.12362059029,0.0554707414207
574,619.0,0.0187490369297,-1.12624607119,0.0554994143586
575,620.0,0.0114290030909,-1.12884013756,0.0555298034575
576,621.0,0.00409101741136,-1.13140295356,0.0555618439451
577,622.0,-0.0032688279135,-1.13393468332,0.0555954710492
578,623.0,-0.0106544406884,-1.13643549101,0.0556306199975
579,624.0,-0.018069728718,-1.13890554077,0.0556672260178
580,625.0,-0.025518599807,-1.14134499675,0.0557052243379
581,626.0,-0.03300496176,-1.1437540231,0.0557445501855
582,627.0,-0.0405327223817,-1.14613278398,0.0557851387884
583,628.0,-0.0481047531756,-1.14848185078,0.0558269179852
584,629.0,-0.0557197804399,-1.15080342386,0.0558697860577
585,630.0,-0.0633754941715,-1.15310011083,0.0559136338983
586,631.0,-0.0710695843675,-1.1553745193,0.0559583523998
587,632.0,-0.0787997410249,-1.15762925689,0.0560038324547
588,633.0,-0.0865636541406,-1.15986693119,0.0560499649556
589,634.0,-0.0943590137117,-1.16209014982,0.0560966407951
590,635.0,-0.102183509735,-1.1643015204,0.0561437508658
591,636.0,-0.110034832208,-1.16650365052,0.0561911860602
592,637.0,-0.117910671127,-1.16869914779,0.056238837271
593,638.0,-0.125808716489,-1.17089061983,0.0562865953908
594,639.0,-0.133726658292,-1.17308067425,0.056334351312
595,640.0,-0.141662186531,-1.17527191865,0.0563819959274
596,641.0,-0.149612991206,-1.17746696064,0.0564294201295
597,642.0,-0.157576762311,-1.17966840784,0.0564765148109
598,643.0,-0.165551189845,-1.18187886785,0.0565231708641
599,644.0,-0.173533963803,-1.18410094828,0.0565692791818
600,645.0,-0.181522774185,-1.18633725673,0.0566147306566
601,646.0,-0.189515310985,-1.18859040083,0.056659416181
602,647.0,-0.197509264201,-1.19086298818,0.0567032266477
603,648.0,-0.205502323831,-1.19315762638,0.0567460529492
604,649.0,-0.213492179871,-1.19547692305,0.0567877859781
605,650.0,-0.221476522318,-1.1978234858,0.056828316627
606,651.0,-0.229453041169,-1.20019992223,0.0568675357884
607,652.0,-0.237420004538,-1.20260734144,0.0569054121278
608,653.0,-0.245377993008,-1.20504085848,0.0569422254014
609,654.0,-0.253328165279,-1.20749408989,0.0569783331383
610,655.0,-0.261271680049,-1.2099606522,0.0570140928675
611,656.0,-0.269209696019,-1.21243416195,0.057049862118
612,657.0,-0.277143371887,-1.21490823568,0.057085998419
613,658.0,-0.285073866354,-1.21737648991,0.0571228592993
614,659.0,-0.29300233812,-1.2198325412,0.0571608022882
615,660.0,-0.300929945883,-1.22227000607,0.0572001849146
616,661.0,-0.308857848343,-1.22468250106,0.0572413647076
617,662.0,-0.3167872042,-1.2270636427,0.0572846991962
618,663.0,-0.324719172153,-1.22940704754,0.0573305459094
619,664.0,-0.332654910902,-1.2317063321,0.0573792623764
620,665.0,-0.340595579147,-1.23395511293,0.0574312061261
621,666.0,-0.348542335586,-1.23614700656,0.0574867346876
622,667.0,-0.35649633892,-1.23827562953,0.05754620559
623,668.0,-0.364458747849,-1.24033459837,0.0576099763623
624,669.0,-0.372430721071,-1.24231752963,0.0576784045334
625,670.0,-0.380413417287,-1.24421803982,0.0577518476326
626,671.0,-0.388407995195,-1.2460297455,0.0578306631888
627,672.0,-0.396415613496,-1.2477462632,0.0579152087311
628,673.0,-0.404437430888,-1.24936120946,0.0580058417884
629,674.0,-0.412474210641,-1.25086991521,0.0581027029119
630,675.0,-0.420525134292,-1.25227456909,0.0582050647398
631,676.0,-0.428588987948,-1.25357907412,0.0583119829326
632,677.0,-0.436664557718,-1.25478733332,0.0584225131507
633,678.0,-0.444750629709,-1.25590324972,0.0585357110545
634,679.0,-0.452845990026,-1.25693072635,0.0586506323042
635,680.0,-0.460949424779,-1.25787366624,0.0587663325604
636,681.0,-0.469059720073,-1.25873597242,0.0588818674832
637,682.0,-0.477175662016,-1.25952154791,0.0589962927332
638,683.0,-0.485296036715,-1.26023429574,0.0591086639707
639,684.0,-0.493419630277,-1.26087811894,0.059218036856
640,685.0,-0.50154522881,-1.26145692054,0.0593234670496
641,686.0,-0.509671618421,-1.26197460357,0.0594240102117
642,687.0,-0.517797585217,-1.26243507105,0.0595187220029
643,688.0,-0.525921915304,-1.26284222602,0.0596066580833
644,689.0,-0.534043394791,-1.26319997149,0.0596868741135
645,690.0,-0.542160809784,-1.2635122105,0.0597584257537
646,691.0,-0.550272946391,-1.26378284607,0.0598203686644
647,692.0,-0.558378590718,-1.26401578124,0.0598717585058
648,693.0,-0.566476528874,-1.26421491903,0.0599116509385
649,694.0,-0.574565546964,-1.26438416248,0.0599391016227
650,695.0,-0.582644431097,-1.26452741459,0.0599531662189
651,696.0,-0.59071196738,-1.26464857842,0.0599529003873
652,697.0,-0.598766941918,-1.26475155697,0.0599373597884
653,698.0,-0.606808456506,-1.26484026706,0.0599059424371
654,699.0,-0.614836875675,-1.26491868054,0.0598594157667
655,700.0,-0.622852879642,-1.26499078305,0.0597988895649
656,701.0,-0.630857148625,-1.26506056023,0.0597254736195
657,702.0,-0.638850362841,-1.26513199771,0.0596402777184
658,703.0,-0.646833202507,-1.26520908113,0.0595444116494
659,704.0,-0.654806347841,-1.26529579613,0.0594389852002
660,705.0,-0.662770479059,-1.26539612833,0.0593251081587
661,706.0,-0.67072627638,-1.26551406338,0.0592038903127
662,707.0,-0.67867442002,-1.2656535869,0.05907644145
663,708.0,-0.686615590197,-1.26581868454,0.0589438713584
664,709.0,-0.694550467128,-1.26601334193,0.0588072898257
665,710.0,-0.702479731031,-1.2662415447,0.0586678066396
666,711.0,-0.710404062121,-1.26650727849,0.0585265315881
667,712.0,-0.718324140618,-1.26681452894,0.0583845744589
668,713.0,-0.726240646738,-1.26716728168,0.0582430450399
669,714.0,-0.734154260699,-1.26756952235,0.0581030531187
670,715.0,-0.742065662717,-1.26802523658,0.0579657084833
671,716.0,-0.74997553301,-1.26853841,0.0578321209214
672,717.0,-0.757884551796,-1.26911302826,0.0577034002209
673,718.0,-0.765793399291,-1.26975307699,0.0575806561696
674,719.0,-0.773702755714,-1.27046254182,0.0574649985551
675,720.0,-0.78161330128,-1.27124540838,0.0573575371655
676,721.0,-0.789525716208,-1.27210566232,0.0572593817884
677,722.0,-0.797440628599,-1.27304586681,0.0571713485893
678,723.0,-0.805358458085,-1.27406289521,0.0570930792434
679,724.0,-0.813279572186,-1.27515219841,0.0570239218037
680,725.0,-0.821204338417,-1.2763092273,0.0569632243231
681,726.0,-0.829133124298,-1.27752943279,0.0569103348545
682,727.0,-0.837066297344,-1.27880826577,0.0568646014508
683,728.0,-0.845004225075,-1.28014117713,0.056825372165
684,729.0,-0.852947275006,-1.28152361778,0.0567919950499
685,730.0,-0.860895814656,-1.2829510386,0.0567638181584
686,731.0,-0.868850211543,-1.2844188905,0.0567401895435
687,732.0,-0.876810833183,-1.28592262436,0.056720457258
688,733.0,-0.884778047094,-1.28745769109,0.0567039693549
689,734.0,-0.892752220793,-1.28901954159,0.0566900738871
690,735.0,-0.900733721799,-1.29060362674,0.0566781189074
691,736.0,-0.908722917629,-1.29220539745,0.0566674524689
692,737.0,-0.916720175799,-1.2938203046,0.0566574226243
693,738.0,-0.924725863828,-1.29544379911,0.0566473774266
694,739.0,-0.932740349233,-1.29707133185,0.0566366649288
695,740.0,-0.940763999531,-1.29869835373,0.0566246331836
696,741.0,-0.94879718224,-1.30032031565,0.0566106302441
697,742.0,-0.956840264878,-1.3019326685,0.0565940041631
698,743.0,-0.964893614961,-1.30353086318,0.0565741029936
699,744.0,-0.972957600008,-1.30511035058,0.0565502747884
700,745.0,-0.981032507594,-1.30666701424,0.0565220459852
701,746.0,-0.989118305522,-1.30819846831,0.0564896565599
702,747.0,-0.997214881656,-1.30970275956,0.0564535248735
703,748.0,-1.00532212386,-1.31117793478,0.0564140692867
704,749.0,-1.01343991999,-1.31262204075,0.0563717081602
705,750.0,-1.02156815791,-1.31403312425,0.0563268598549
706,751.0,-1.02970672549,-1.31540923207,0.0562799427315
707,752.0,-1.03785551058,-1.31674841098,0.0562313751508
708,753.0,-1.04601440106,-1.31804870777,0.0561815754736
709,754.0,-1.05418328477,-1.31930816922,0.0561309620607
710,755.0,-1.06236204959,-1.32052484212,0.0560799532728
711,756.0,-1.07055058337,-1.32169677325,0.0560289674707
712,757.0,-1.07874877398,-1.32282200938,0.0559784230153
713,758.0,-1.08695650928,-1.32389859731,0.0559287382672
714,759.0,-1.09517367713,-1.32492458381,0.0558803315872
715,760.0,-1.1034001654,-1.32589801567,0.0558336213362
716,761.0,-1.11163586195,-1.32681693967,0.0557890258749
717,762.0,-1.11988065463,-1.32767940259,0.0557469635641
718,763.0,-1.12813443131,-1.32848345122,0.0557078527645
719,764.0,-1.13639707986,-1.32922713234,0.055672111837
720,765.0,-1.14466848813,-1.32990849273,0.0556401591423
721,766.0,-1.152948544,-1.33052557916,0.0556124130412
722,767.0,-1.16123713531,-1.33107643844,0.0555892918945
723,768.0,-1.16953414993,-1.33155911733,0.055571214063
724,769.0,-1.17783947573,-1.33197166263,0.0555585979073
725,770.0,-1.18615300057,-1.3323121211,0.0555518617884
726,771.0,-1.19447443431,-1.3325796894,0.0555512888532
727,772.0,-1.20280277483,-1.33277816353,0.0555566213932
728,773.0,-1.21113684203,-1.33291248939,0.0555674664863
729,774.0,-1.21947545579,-1.33298761284,0.0555834312102
730,775.0,-1.22781743599,-1.33300847977,0.0556041226428
731,776.0,-1.23616160253,-1.33298003605,0.0556291478618
732,777.0,-1.24450677529,-1.33290722756,0.0556581139449
733,778.0,-1.25285177416,-1.33279500018,0.0556906279701
734,779.0,-1.26119541902,-1.33264829978,0.055726297015
735,780.0,-1.26953652977,-1.33247207225,0.0557647281574
736,781.0,-1.27787392628,-1.33227126345,0.0558055284752
737,782.0,-1.28620642845,-1.33205081927,0.0558483050461
738,783.0,-1.29453285616,-1.33181568559,0.0558926649478
739,784.0,-1.3028520293,-1.33157080827,0.0559382152583
740,785.0,-1.31116276775,-1.33132113321,0.0559845630552
741,786.0,-1.31946389141,-1.33107160627,0.0560313154164
742,787.0,-1.32775422016,-1.33082717334,0.0560780794196
743,788.0,-1.33603257389,-1.33059278028,0.0561244621426
744,789.0,-1.34429777248,-1.33037337298,0.0561700706632
745,790.0,-1.35254863582,-1.33017389732,0.0562145120592
746,791.0,-1.3607839838,-1.32999929918,0.0562573934083
747,792.0,-1.36900263631,-1.32985452442,0.0562983217884
748,793.0,-1.37720385186,-1.32974322721,0.0563369255507
749,794.0,-1.38538864355,-1.32966389487,0.0563729181401
750,795.0,-1.39355846308,-1.32961372299,0.0564060342749
751,796.0,-1.40171476217,-1.32958990717,0.0564360086735
752,797.0,-1.40985899254,-1.32958964299,0.0564625760543
753,798.0,-1.4179926059,-1.32961012607,0.0564854711356
754,799.0,-1.42611705398,-1.32964855198,0.0565044286358
755,800.0,-1.43423378848,-1.32970211633,0.0565191832732
756,801.0,-1.44234426113,-1.32976801472,0.0565294697662
757,802.0,-1.45044992364,-1.32984344274,0.0565350228333
758,803.0,-1.45855222773,-1.32992559599,0.0565355771926
759,804.0,-1.46665262511,-1.33001167005,0.0565308675626
760,805.0,-1.4747525675,-1.33009886054,0.0565206286617
761,806.0,-1.48285350663,-1.33018436304,0.0565045952081
762,807.0,-1.49095689419,-1.33026537315,0.0564825019203
763,808.0,-1.49906418192,-1.33033908646,0.0564540835166
764,809.0,-1.50717682153,-1.33040269858,0.0564190747155
765,810.0,-1.51529626473,-1.33045340509,0.0563772102351
766,811.0,-1.52342396324,-1.3304884016,0.0563282247939
767,812.0,-1.53156136878,-1.33050488369,0.0562718531103
768,813.0,-1.53970993306,-1.33050004697,0.0562078299026
769,814.0,-1.5478711078,-1.33047108704,0.0561358898892
770,815.0,-1.55604634472,-1.33041519948,0.0560557677884
771,816.0,-1.56423613533,-1.33032902166,0.0559673746394
772,817.0,-1.57243713033,-1.33020695805,0.055871326764
773,818.0,-1.58064502019,-1.33004285488,0.0557684168049
774,819.0,-1.5888554954,-1.32983055838,0.0556594374049
775,820.0,-1.59706424646,-1.32956391479,0.0555451812066
776,821.0,-1.60526696385,-1.32923677033,0.0554264408527
777,822.0,-1.61345933806,-1.32884297125,0.0553040089859
778,823.0,-1.62163705957,-1.32837636377,0.0551786782488
779,824.0,-1.62979581888,-1.32783079413,0.0550512412842
780,825.0,-1.63793130646,-1.32720010856,0.0549224907348
781,826.0,-1.64603921281,-1.3264781533,0.0547932192431
782,827.0,-1.65411522842,-1.32565877457,0.0546642194519
783,828.0,-1.66215504377,-1.32473581862,0.0545362840039
784,829.0,-1.67015434934,-1.32370313167,0.0544102055418
785,830.0,-1.67810883563,-1.32255455996,0.0542867767082
786,831.0,-1.68601419313,-1.32128394971,0.0541667901458
787,832.0,-1.69386611231,-1.31988514717,0.0540510384973
788,833.0,-1.70166028367,-1.31835199857,0.0539403144054
789,834.0,-1.7093923977,-1.31667835014,0.0538354105127
790,835.0,-1.71705814488,-1.31485804811,0.053737119462
791,836.0,-1.7246532157,-1.31288493872,0.053646233896
792,837.0,-1.73217330064,-1.31075286819,0.0535635464572
793,838.0,-1.7396140902,-1.30845568277,0.0534898497884
794,839.0,-1.74697299277,-1.30598952165,0.0534256588629
795,840.0,-1.75425428839,-1.30335969589,0.0533703779758
796,841.0,-1.76146397502,-1.30057380951,0.0533231337529
797,842.0,-1.7686080506,-1.29763946652,0.0532830528201
798,843.0,-1.77569251309,-1.29456427095,0.0532492618031
799,844.0,-1.78272336043,-1.29135582682,0.0532208873277
800,845.0,-1.78970659059,-1.28802173815,0.0531970560198
801,846.0,-1.7966482015,-1.28456960897,0.053176894505
802,847.0,-1.80355419112,-1.28100704328,0.0531595294093
803,848.0,-1.81043055741,-1.27734164512,0.0531440873583
804,849.0,-1.81728329831,-1.2735810185,0.0531296949779
805,850.0,-1.82411841177,-1.26973276745,0.0531154788938
806,851.0,-1.83094189575,-1.26580449598,0.0531005657319
807,852.0,-1.83775974819,-1.26180380811,0.053084082118
808,853.0,-1.84457796706,-1.25773830788,0.0530651546777
809,854.0,-1.85140255029,-1.25361559929,0.053042910037
810,855.0,-1.85823949584,-1.24944328636,0.0530164748216
811,856.0,-1.86509480167,-1.24522897313,0.0529849756572
812,857.0,-1.87197446571,-1.2409802636,0.0529475391698
813,858.0,-1.87888448594,-1.23670476181,0.052903291985
814,859.0,-1.88583086028,-1.23241007177,0.0528513607287
815,860.0,-1.89281958671,-1.22810379749,0.0527908720266
816,861.0,-1.89985666316,-1.22379354301,0.0527209525046
817,862.0,-1.90694808759,-1.21948691235,0.0526407287884
818,863.0,-1.91409796505,-1.21519020501,0.0525495444042
819,864.0,-1.92130282905,-1.21090450249,0.052447610479
820,865.0,-1.92855732016,-1.2066295818,0.0523353550404
821,866.0,-1.935856079,-1.20236521991,0.0522132061159
822,867.0,-1.94319374615,-1.19811119383,0.052081591733
823,868.0,-1.95056496222,-1.19386728054,0.0519409399192
824,869.0,-1.9579643678,-1.18963325703,0.0517916787019
825,870.0,-1.96538660348,-1.18540890031,0.0516342361086
826,871.0,-1.97282630987,-1.18119398735,0.0514690401669
827,872.0,-1.98027812756,-1.17698829515,0.0512965189043
828,873.0,-1.98773669714,-1.1727916007,0.0511171003481
829,874.0,-1.99519665922,-1.168603681,0.0509312125259
830,875.0,-2.00265265439,-1.16442431304,0.0507392834653
831,876.0,-2.01009932324,-1.16025327381,0.0505417411936
832,877.0,-2.01753130638,-1.15609034029,0.0503390137384
833,878.0,-2.0249432444,-1.15193528949,0.0501315291271
834,879.0,-2.03232977789,-1.1477878984,0.0499197153873
835,880.0,-2.03968554746,-1.143647944,0.0497040005465
836,881.0,-2.0470051937,-1.13951520329,0.0494848126321
837,882.0,-2.0542833572,-1.13538945326,0.0492625796716
838,883.0,-2.06151467857,-1.1312704709,0.0490377296925
839,884.0,-2.0686937984,-1.1271580332,0.0488106907223
840,885.0,-2.07581535728,-1.12305191716,0.0485818907884
841,886.0,-2.08287556748,-1.11895159781,0.0483518126259
842,887.0,-2.08987692787,-1.11485534233,0.0481211577994
843,888.0,-2.09682350901,-1.11076111593,0.0478906825809
844,889.0,-2.10371938143,-1.10666688385,0.0476611432424
845,890.0,-2.11056861569,-1.10257061129,0.0474332960562
846,891.0,-2.11737528232,-1.09847026349,0.0472078972943
847,892.0,-2.12414345187,-1.09436380565,0.0469857032286
848,893.0,-2.13087719488,-1.09024920301,0.0467674701314
849,894.0,-2.1375805819,-1.08612442078,0.0465539542747
850,895.0,-2.14425768348,-1.08198742418,0.0463459119305
851,896.0,-2.15091257015,-1.07783617843,0.046144099371
852,897.0,-2.15754931246,-1.07366864875,0.0459492728683
853,898.0,-2.16417198096,-1.06948280037,0.0457621886943
854,899.0,-2.17078464619,-1.0652765985,0.0455836031212
855,900.0,-2.1773913787,-1.06104800836,0.045414272421
856,901.0,-2.18399624902,-1.05679499518,0.0452549528659
857,902.0,-2.19060332771,-1.05251552417,0.0451064007279
858,903.0,-2.1972166853,-1.04820756056,0.044969372279
859,904.0,-2.20384039235,-1.04386906956,0.0448446237915
860,905.0,-2.2104785194,-1.0394980164,0.0447329115373
861,906.0,-2.21713513698,-1.0350923663,0.0446349917884
862,907.0,-2.22381334711,-1.03065061173,0.0445513033011
863,908.0,-2.2305123776,-1.02617335425,0.0444810147674
864,909.0,-2.23723048773,-1.02166172265,0.0444229773635
865,910.0,-2.24396593677,-1.01711684573,0.0443760422655
866,911.0,-2.25071698402,-1.01253985229,0.0443390606495
867,912.0,-2.25748188873,-1.00793187115,0.0443108836918
868,913.0,-2.2642589102,-1.00329403109,0.0442903625683
869,914.0,-2.2710463077,-0.998627460932,0.0442763484553
870,915.0,-2.27784234051,-0.993933289467,0.0442676925289
871,916.0,-2.28464526789,-0.989212645501,0.0442632459652
872,917.0,-2.29145334914,-0.984466657836,0.0442618599404
873,918.0,-2.29826484353,-0.979696455274,0.0442623856305
874,919.0,-2.30507801034,-0.974903166617,0.0442636742119
875,920.0,-2.31189110884,-0.970087920669,0.0442645768605
876,921.0,-2.31870239831,-0.96525184623,0.0442639447525
877,922.0,-2.32551013804,-0.960396072105,0.0442606290641
878,923.0,-2.33231258729,-0.955521727095,0.0442534809714
879,924.0,-2.33910800535,-0.950629940003,0.0442413516505
880,925.0,-2.34589465148,-0.945721839631,0.0442230922776
881,926.0,-2.35267078498,-0.940798554782,0.0441975540288
882,927.0,-2.35943466512,-0.935861214257,0.0441635880803
883,928.0,-2.36618455118,-0.93091094686,0.0441200456081
884,929.0,-2.37291870242,-0.925948881393,0.0440657777884
885,930.0,-2.37963518339,-0.920975526655,0.0439998465741
886,931.0,-2.38633127958,-0.915988911439,0.0439221570244
887,932.0,-2.39300408176,-0.910986444531,0.0438328249753
888,933.0,-2.39965068069,-0.905965534722,0.0437319662628
889,934.0,-2.40626816711,-0.900923590799,0.043619696723
890,935.0,-2.4128536318,-0.895858021552,0.0434961321917
891,936.0,-2.4194041655,-0.890766235768,0.043361388505
892,937.0,-2.42591685898,-0.885645642237,0.0432155814989
893,938.0,-2.43238880299,-0.880493649746,0.0430588270093
894,939.0,-2.43881708829,-0.875307667085,0.0428912408723
895,940.0,-2.44519880564,-0.870085103042,0.0427129389237
896,941.0,-2.4515310458,-0.864823366406,0.0425240369997
897,942.0,-2.45781089952,-0.859519865964,0.0423246509362
898,943.0,-2.46403545755,-0.854172010507,0.0421148965691
899,944.0,-2.47020181067,-0.848777208822,0.0418948897345
900,945.0,-2.47630704963,-0.843332869699,0.0416647462684
901,946.0,-2.48234826517,-0.837836401925,0.0414245820066
902,947.0,-2.48832254808,-0.832285214289,0.0411745127854
903,948.0,-2.49422698908,-0.82667671558,0.0409146544405
904,949.0,-2.50005867896,-0.821008314586,0.040645122808
905,950.0,-2.50581470846,-0.815277420096,0.0403660337238
906,951.0,-2.51149216835,-0.809481440899,0.0400775030241
907,952.0,-2.51708814937,-0.803617785783,0.0397796465447
908,953.0,-2.52259974229,-0.797683863536,0.0394725801216
909,954.0,-2.52802403787,-0.791677082948,0.0391564195909
910,955.0,-2.53335812686,-0.785594852807,0.0388312807884
911,956.0,-2.53859960437,-0.779434848217,0.0384973083007
912,957.0,-2.5437480829,-0.773195809544,0.038154761716
913,958.0,-2.5488036793,-0.766876743469,0.0378039293729
914,959.0,-2.55376651042,-0.760476656675,0.03744509961
915,960.0,-2.55863669311,-0.753994555843,0.0370785607661
916,961.0,-2.56341434421,-0.747429447655,0.0367046011798
917,962.0,-2.56809958057,-0.740780338792,0.0363235091898
918,963.0,-2.57269251905,-0.734046235935,0.0359355731346
919,964.0,-2.57719327649,-0.727226145767,0.0355410813531
920,965.0,-2.58160196974,-0.720319074969,0.0351403221838
921,966.0,-2.58591871566,-0.713324030223,0.0347335839654
922,967.0,-2.59014363108,-0.70624001821,0.0343211550366
923,968.0,-2.59427683286,-0.699066045611,0.033903323736
924,969.0,-2.59831843785,-0.69180111911,0.0334803784023
925,970.0,-2.6022685629,-0.684444245386,0.0330526073742
926,971.0,-2.60612732485,-0.676994431122,0.0326202989903
927,972.0,-2.60989484056,-0.669450683,0.0321837415893
928,973.0,-2.61357122687,-0.6618120077,0.0317432235097
929,974.0,-2.61715660063,-0.654077411905,0.0312990330904
930,975.0,-2.6206510787,-0.646245902296,0.03085145867
931,976.0,-2.62405477791,-0.638316485555,0.0304007885871
932,977.0,-2.62736781513,-0.630288168364,0.0299473111803
933,978.0,-2.63059030719,-0.622159957403,0.0294913147884
934,979.0,-2.63372315726,-0.613933878674,0.0290335057832
935,980.0,-2.6367704137,-0.605624035447,0.0285762626691
936,981.0,-2.63973691122,-0.597247550314,0.0281223819836
937,982.0,-2.64262748448,-0.588821545864,0.0276746602643
938,983.0,-2.64544696817,-0.580363144688,0.0272358940489
939,984.0,-2.64820019698,-0.571889469376,0.0268088798749
940,985.0,-2.65089200559,-0.563417642518,0.0263964142799
941,986.0,-2.65352722868,-0.554964786705,0.0260012938015
942,987.0,-2.65611070094,-0.546548024527,0.0256263149772
943,988.0,-2.65864725705,-0.538184478575,0.0252742743446
944,989.0,-2.6611417317,-0.529891271438,0.0249479684414
945,990.0,-2.66359895957,-0.521685525706,0.024650193805
946,991.0,-2.66602377533,-0.513584363971,0.0243837469731
947,992.0,-2.66842101369,-0.505604908823,0.0241514244832
948,993.0,-2.67079550931,-0.497764282851,0.023956022873
949,994.0,-2.67315209689,-0.490079608646,0.02380033868
950,995.0,-2.67549561111,-0.482568008799,0.0236871684418
951,996.0,-2.67783088664,-0.475246605899,0.0236193086959
952,997.0,-2.68016275818,-0.468132522537,0.0235995559801
953,998.0,-2.68249606042,-0.461242881303,0.0236307068317
954,999.0,-2.68483562802,-0.454594804788,0.0237155577884
955,1000.0,-2.68704645904,-0.448212080558,0.0238312425968
956,1001.0,-2.68843420498,-0.442145156088,0.0238522438389
957,1002.0,-2.68816468071,-0.436451143828,0.0236273813057
958,1003.0,-2.68540370108,-0.431187156229,0.0230054747884
959,1004.0,-2.679960996,-0.426539650843,0.0219498603575
960,1005.0,-2.67422195545,-0.423212465635,0.0208819392015
961,1006.0,-2.67121588447,-0.422038783668,0.0203376287884
962,1007.0,-2.67300796785,-0.423471231863,0.0206792626936
963,1008.0,-2.67780690938,-0.426440212559,0.0215748389211
964,1009.0,-2.68285729261,-0.42949557195,0.0225187715823
965,1010.0,-2.68540370108,-0.431187156229,0.0230054747884
966,1011.0,-2.68356219689,-0.430482407176,0.0226866962993
967,1012.0,-2.67893475623,-0.428019148921,0.0218435184684
968,1013.0,-2.67399483384,-0.42485280118,0.0209143572975
969,1014.0,-2.67121588447,-0.422038783668,0.0203376287884
970,1015.0,-2.67234413927,-0.420480466634,0.0204311124515
971,1016.0,-2.67621693508,-0.42047302246,0.0210300418307
972,1017.0,-2.68094438515,-0.422159574058,0.0218490139783
973,1018.0,-2.68463660273,-0.425683244343,0.0226026259468
974,1019.0,-2.68540370108,-0.431187156229,0.0230054747884
975,1020.0,-2.68244078819,-0.43804586226,0.0228980146166
976,1021.0,-2.67928295101,-0.442559633501,0.0226241277884
977,1022.0,-2.67942995416,-0.441563104582,0.0225558407926
978,1023.0,-2.68190029401,-0.437102645866,0.0226743283998
979,1024.0,-2.68459214988,-0.432527561649,0.0228630524514
980,1025.0,-2.68540370108,-0.431187156229,0.0230054747884
981,1026.0,-2.68311255771,-0.435041570116,0.0230085601361
982,1027.0,-2.68001405301,-0.440494288679,0.0228732847547
983,1028.0,-2.67928295101,-0.442559633501,0.0226241277884
984,1029.0,-2.68320170331,-0.437589329987,0.0222873246395
985,1030.0,-2.69048351178,-0.427284718828,0.0218961357421
986,1031.0,-2.69894926587,-0.414684544539,0.0214855777884
987,1032.0,-2.7067919454,-0.402314794662,0.0210847292426
988,1033.0,-2.7136928918,-0.390650428866,0.0206989156553
989,1034.0,-2.71970553686,-0.379653649848,0.0203275243492
990,1035.0,-2.72488331238,-0.369286660308,0.0199699426468
991,1036.0,-2.72927965017,-0.359511662944,0.0196255578706
992,1037.0,-2.73294798202,-0.350290860454,0.0192937573433
993,1038.0,-2.73594173974,-0.341586455536,0.0189739283874
994,1039.0,-2.73831435513,-0.33336065089,0.0186654583254
995,1040.0,-2.74011925999,-0.325575649212,0.0183677344799
996,1041.0,-2.74140988612,-0.318193653203,0.0180801441735
997,1042.0,-2.74223966532,-0.311176865559,0.0178020747286
998,1043.0,-2.74266202939,-0.30448748898,0.017532913468
999,1044.0,-2.74273041014,-0.298087726164,0.017272047714
1000,1045.0,-2.74249823936,-0.29193977981,0.0170188647894
1001,1046.0,-2.74201894886,-0.286005852615,0.0167727520166
1002,1047.0,-2.74134597044,-0.280248147278,0.0165330967182
1003,1048.0,-2.74053273589,-0.274628866498,0.0162992862167
1004,1049.0,-2.73963267703,-0.269110212973,0.0160707078347
1005,1050.0,-2.73869922565,-0.263654389401,0.0158467488949
1006,1051.0,-2.73778581356,-0.258223598481,0.0156267967196
1007,1052.0,-2.73694587255,-0.252780042911,0.0154102386315
1008,1053.0,-2.73623283442,-0.24728592539,0.0151964619532
1009,1054.0,-2.73570013098,-0.241703448615,0.0149848540072
1010,1055.0,-2.73540119403,-0.235994815286,0.014774802116
1011,1056.0,-2.73538945537,-0.230122228101,0.0145656936022
1012,1057.0,-2.73571834681,-0.224047889758,0.0143569157884
1013,1058.0,-2.73642839762,-0.217742470927,0.0141479402923
1014,1059.0,-2.73750852704,-0.211210514165,0.0139385759123
1015,1060.0,-2.73893475181,-0.204465030002,0.013728715742
1016,1061.0,-2.74068308865,-0.197519028966,0.0135182528749
1017,1062.0,-2.74272955428,-0.190385521585,0.0133070804046
1018,1063.0,-2.74505016542,-0.18307751839,0.0130950914246
1019,1064.0,-2.74762093881,-0.175608029908,0.0128821790286
1020,1065.0,-2.75041789116,-0.167990066668,0.0126682363102
1021,1066.0,-2.7534170392,-0.160236639199,0.0124531563628
1022,1067.0,-2.75659439966,-0.152360758031,0.01223683228
1023,1068.0,-2.75992598925,-0.144375433691,0.0120191571555
1024,1069.0,-2.76338782472,-0.136293676709,0.0118000240827
1025,1070.0,-2.76695592277,-0.128128497613,0.0115793261553
1026,1071.0,-2.77060630014,-0.119892906932,0.0113569564668
1027,1072.0,-2.77431497354,-0.111599915196,0.0111328081108
1028,1073.0,-2.77805795971,-0.103262532933,0.0109067741809
1029,1074.0,-2.78181127537,-0.094893770671,0.0106787477706
1030,1075.0,-2.78555093725,-0.08650663894,0.0104486219735
1031,1076.0,-2.78925296206,-0.0781141482683,0.0102162898831
1032,1077.0,-2.79289336654,-0.069729309185,0.00998164459315
1033,1078.0,-2.7964481674,-0.0613651322186,0.00974457919706
1034,1079.0,-2.79989338138,-0.0530346278982,0.00950498678844
1035,1080.0,-2.80320915001,-0.0447483275901,0.00926268729751
1036,1081.0,-2.80639211409,-0.0365068460112,0.00901720800107
1037,1082.0,-2.80944303922,-0.028308318716,0.00876800301256
1038,1083.0,-2.81236269102,-0.0201508812589,0.00851452644544
1039,1084.0,-2.8151518351,-0.0120326691945,0.00825623241314
1040,1085.0,-2.81781123707,-0.00395181807725,0.00799257502912
1041,1086.0,-2.82034166253,0.00409353653843,0.00772300840682
1042,1087.0,-2.8227438771,0.012105259098,0.00744698665969
1043,1088.0,-2.82501864639,0.020085214047,0.00716396390117
1044,1089.0,-2.827166736,0.028035265831,0.00687339424471
1045,1090.0,-2.82918891155,0.0359572788954,0.00657473180375
1046,1091.0,-2.83108593865,0.0438531176858,0.00626743069175
1047,1092.0,-2.8328585829,0.0517246466476,0.00595094502215
1048,1093.0,-2.83450760991,0.0595737302265,0.00562472890839
1049,1094.0,-2.8360337853,0.067402232868,0.00528823646392
1050,1095.0,-2.83743787468,0.0752120190174,0.00494092180219
1051,1096.0,-2.83872064365,0.0830049531205,0.00458223903665
1052,1097.0,-2.83988285782,0.0907828996226,0.00421164228073
1053,1098.0,-2.84092528281,0.0985477229693,0.00382858564789
1054,1099.0,-2.84184868423,0.106301287606,0.00343252325157
1055,1100.0,-2.84265382768,0.114045457979,0.00302290920522
1056,1101.0,-2.84334147877,0.121782098532,0.00259919762229
1057,1102.0,-2.84391240311,0.129513073713,0.00216084261621
1058,1103.0,-2.84436736632,0.137240247965,0.00170729830045
1059,1104.0,-2.84470713401,0.144965485735,0.00123801878844
1060,1105.0,-2.84493176502,0.152689931029,0.000752237540572
1061,1106.0,-2.84503849117,0.160411846096,0.00024830540504
1062,1107.0,-2.84502383753,0.168128772746,-0.000275647423031
1063,1108.0,-2.84488432916,0.175838252788,-0.000821490748508
1064,1109.0,-2.84461649112,0.183537828033,-0.00139109437626
1065,1110.0,-2.84421684847,0.191225040289,-0.00198632811116
1066,1111.0,-2.84368192627,0.198897431366,-0.00260906175807
1067,1112.0,-2.8430082496,0.206552543075,-0.00326116512186
1068,1113.0,-2.8421923435,0.214187917226,-0.0039445080074
1069,1114.0,-2.84123073304,0.221801095626,-0.00466096021957
1070,1115.0,-2.84011994328,0.229389620088,-0.00541239156322
1071,1116.0,-2.83885649929,0.236951032419,-0.00620067184323
1072,1117.0,-2.83743692613,0.244482874431,-0.00702767086447
1073,1118.0,-2.83585774885,0.251982687932,-0.0078952584318
1074,1119.0,-2.83411549252,0.259448014733,-0.0088053043501
1075,1120.0,-2.8322066822,0.266876396642,-0.00975967842423
1076,1121.0,-2.83012784295,0.274265375471,-0.0107602504591
1077,1122.0,-2.82787549985,0.281612493028,-0.0118088902595
1078,1123.0,-2.82544617793,0.288915291124,-0.0129074676303
1079,1124.0,-2.82283640228,0.296171311567,-0.0140578523765
1080,1125.0,-2.82004269795,0.303378096168,-0.0152619143028
1081,1126.0,-2.81706159,0.310533186737,-0.0165215232142
1082,1127.0,-2.8138896035,0.317634125083,-0.0178385489155
1083,1128.0,-2.8105232635,0.324678453016,-0.0192148612116
1084,1129.0,-2.80696109023,0.331664570155,-0.0206513158572
1085,1130.0,-2.80320958451,0.338594307357,-0.0221447124071
1086,1131.0,-2.79927724233,0.345470353288,-0.0236908363656
1087,1132.0,-2.79517255968,0.352295396614,-0.0252854732372
1088,1133.0,-2.79090403256,0.359072126001,-0.0269244085265
1089,1134.0,-2.78648015693,0.365803230115,-0.028603427738
1090,1135.0,-2.7819094288,0.372491397623,-0.0303183163762
1091,1136.0,-2.77720034415,0.37913931719,-0.0320648599455
1092,1137.0,-2.77236139896,0.385749677483,-0.0338388439506
1093,1138.0,-2.76740108923,0.392325167168,-0.0356360538958
1094,1139.0,-2.76232791094,0.39886847491,-0.0374522752856
1095,1140.0,-2.75715036007,0.405382289377,-0.0392832936247
1096,1141.0,-2.75187693263,0.411869299234,-0.0411248944175
1097,1142.0,-2.74651612458,0.418332193147,-0.0429728631685
1098,1143.0,-2.74107643192,0.424773659782,-0.0448229853821
1099,1144.0,-2.73556635064,0.431196387806,-0.046671046563
1100,1145.0,-2.72999437673,0.437603065885,-0.0485128322155
1101,1146.0,-2.72436900616,0.443996382684,-0.0503441278443
1102,1147.0,-2.71869873493,0.45037902687,-0.0521607189538
1103,1148.0,-2.71299205903,0.45675368711,-0.0539583910485
1104,1149.0,-2.70725747445,0.463123052068,-0.0557329296329
1105,1150.0,-2.70150347716,0.469489810412,-0.0574801202116
1106,1151.0,-2.69573648365,0.475854419225,-0.0591962633379
1107,1152.0,-2.68995459236,0.482208409263,-0.0608797197616
1108,1153.0,-2.68415382223,0.488541079701,-0.0625293652811
1109,1154.0,-2.6783301922,0.494841729712,-0.064144075695
1110,1155.0,-2.67247972119,0.50109965847,-0.0657227268019
1111,1156.0,-2.66659842814,0.507304165149,-0.0672641944003
1112,1157.0,-2.66068233198,0.513444548923,-0.0687673542888
1113,1158.0,-2.65472745166,0.519510108966,-0.070231082266
1114,1159.0,-2.64872980611,0.525490144452,-0.0716542541304
1115,1160.0,-2.64268541425,0.531373954555,-0.0730357456805
1116,1161.0,-2.63659029503,0.537150838448,-0.074374432715
1117,1162.0,-2.63044046739,0.542810095307,-0.0756691910324
1118,1163.0,-2.62423195024,0.548341024304,-0.0769188964313
1119,1164.0,-2.61796076254,0.553732924614,-0.0781224247101
1120,1165.0,-2.61162292322,0.55897509541,-0.0792786516676
1121,1166.0,-2.6052144512,0.564056835867,-0.0803864531022
1122,1167.0,-2.59873136543,0.568967445158,-0.0814447048126
1123,1168.0,-2.59216968484,0.573696222458,-0.0824522825972
1124,1169.0,-2.58552542836,0.57823246694,-0.0834080622546
1125,1170.0,-2.57879461493,0.582565477778,-0.0843109195834
1126,1171.0,-2.57197326349,0.586684554147,-0.0851597303822
1127,1172.0,-2.56505739296,0.59057899522,-0.0859533704495
1128,1173.0,-2.55804302229,0.594238100171,-0.0866907155839
1129,1174.0,-2.55092617041,0.597651168174,-0.0873706415839
1130,1175.0,-2.54370285625,0.600807498403,-0.0879920242481
1131,1176.0,-2.53636909875,0.603696390031,-0.0885537393751
1132,1177.0,-2.52892091685,0.606307142234,-0.0890546627634
1133,1178.0,-2.52135432947,0.608629054185,-0.0894936702116
1134,1179.0,-2.51366760466,0.610657053445,-0.0898709060355
1135,1180.0,-2.50586800689,0.61240858113,-0.0901915886206
1136,1181.0,-2.49796504973,0.61390670674,-0.0904622048694
1137,1182.0,-2.48996824674,0.615174499779,-0.0906892416846
1138,1183.0,-2.48188711152,0.616235029748,-0.0908791859687
1139,1184.0,-2.47373115761,0.61711136615,-0.0910385246245
1140,1185.0,-2.46550989861,0.617826578487,-0.0911737445546
1141,1186.0,-2.45723284808,0.618403736261,-0.0912913326615
1142,1187.0,-2.44890951959,0.618865908974,-0.091397775848
1143,1188.0,-2.44054942672,0.619236166129,-0.0914995610167
1144,1189.0,-2.43216208304,0.619537577227,-0.0916031750703
1145,1190.0,-2.42375700213,0.619793211771,-0.0917151049113
1146,1191.0,-2.41534369754,0.620026139263,-0.0918418374423
1147,1192.0,-2.40693168287,0.620259429205,-0.0919898595661
1148,1193.0,-2.39853047168,0.620516151099,-0.0921656581853
1149,1194.0,-2.39014957754,0.620819374448,-0.0923757202025
1150,1195.0,-2.38179851402,0.621192168754,-0.0926265325204
1151,1196.0,-2.37348679471,0.621657603519,-0.0929245820415
1152,1197.0,-2.36522393316,0.622238748244,-0.0932763556685
1153,1198.0,-2.35701944296,0.622958672433,-0.0936883403041
1154,1199.0,-2.34888283768,0.623840445588,-0.0941670228509
1155,1200.0,-2.34082363089,0.62490713721,-0.0947188902116
1156,1201.0,-2.3328490931,0.62617678109,-0.0953485805768
1157,1202.0,-2.3249575226,0.627647268169,-0.0960533372903
1158,1203.0,-2.31714497463,0.629311453679,-0.0968285549835
1159,1204.0,-2.30940750442,0.631162192848,-0.0976696282882
1160,1205.0,-2.30174116719,0.633192340907,-0.0985719518362
1161,1206.0,-2.29414201818,0.635394753085,-0.0995309202589
1162,1207.0,-2.28660611262,0.637762284614,-0.100541928188
1163,1208.0,-2.27912950574,0.640287790722,-0.101600370256
1164,1209.0,-2.27170825277,0.64296412664,-0.102701641093
1165,1210.0,-2.26433840895,0.645784147598,-0.103841135332
1166,1211.0,-2.2570160295,0.648740708826,-0.105014247604
1167,1212.0,-2.24973716965,0.651826665553,-0.106216372541
1168,1213.0,-2.24249788465,0.655034873011,-0.107442904775
1169,1214.0,-2.23529422971,0.658358186427,-0.108689238936
1170,1215.0,-2.22812226006,0.661789461034,-0.109950769658
1171,1216.0,-2.22097803095,0.665321552061,-0.111222891572
1172,1217.0,-2.21385759761,0.668947314737,-0.112500999308
1173,1218.0,-2.20675701525,0.672659604293,-0.1137804875
1174,1219.0,-2.19967233912,0.676451275958,-0.115056750778
1175,1220.0,-2.19259962444,0.680315184963,-0.116325183774
1176,1221.0,-2.18553492645,0.684244186538,-0.117581181121
1177,1222.0,-2.17847430038,0.688231135913,-0.118820137449
1178,1223.0,-2.17141380146,0.692268888318,-0.120037447391
1179,1224.0,-2.16434948491,0.696350298982,-0.121228505577
1180,1225.0,-2.15727740598,0.700468223136,-0.12238870664
1181,1226.0,-2.15019361989,0.704615516009,-0.123513445212
1182,1227.0,-2.14309490499,0.708785330705,-0.124599313044
1183,1228.0,-2.1359809321,0.712972011819,-0.125647690374
1184,1229.0,-2.12885209513,0.717170201817,-0.12666115456
1185,1230.0,-2.12170878802,0.721374543167,-0.127642282959
1186,1231.0,-2.1145514047,0.725579678336,-0.128593652928
1187,1232.0,-2.10738033909,0.729780249793,-0.129517841827
1188,1233.0,-2.10019598513,0.733970900004,-0.130417427011
1189,1234.0,-2.09299873674,0.738146271438,-0.131294985839
1190,1235.0,-2.08578898785,0.742301006561,-0.132153095669
1191,1236.0,-2.07856713238,0.746429747841,-0.132994333859
1192,1237.0,-2.07133356428,0.750527137745,-0.133821277765
1193,1238.0,-2.06408867745,0.754587818741,-0.134636504746
1194,1239.0,-2.05683286584,0.758606433297,-0.13544259216
1195,1240.0,-2.04956652337,0.76257762388,-0.136242117364
1196,1241.0,-2.04229004397,0.766496032957,-0.137037657715
1197,1242.0,-2.03500382157,0.770356302996,-0.137831790573
1198,1243.0,-2.0277082501,0.774153076464,-0.138627093293
1199,1244.0,-2.02040372347,0.777880995829,-0.139426143235
1200,1245.0,-2.01309063563,0.781534703559,-0.140231517755
1201,1246.0,-2.0057693805,0.78510884212,-0.141045794212
1202,1247.0,-1.9984402796,0.788599729149,-0.141870766264
1203,1248.0,-1.99110336483,0.792010382955,-0.142705092779
1204,1249.0,-1.98375859566,0.795345497014,-0.143546648924
1205,1250.0,-1.97640593158,0.798609764804,-0.144393309869
1206,1251.0,-1.96904533208,0.801807879803,-0.145242950781
1207,1252.0,-1.96167675664,0.804944535487,-0.146093446828
1208,1253.0,-1.95430016475,0.808024425334,-0.146942673179
1209,1254.0,-1.94691551589,0.811052242821,-0.147788505003
1210,1255.0,-1.93952276953,0.814032681426,-0.148628817467
1211,1256.0,-1.93212188518,0.816970434626,-0.14946148574
1212,1257.0,-1.92471282231,0.819870195897,-0.15028438499
1213,1258.0,-1.91729554041,0.822736658717,-0.151095390385
1214,1259.0,-1.90986999896,0.825574516564,-0.151892377094
1215,1260.0,-1.90243615744,0.828388462915,-0.152673220285
1216,1261.0,-1.89499397535,0.831183191247,-0.153435795127
1217,1262.0,-1.88754341216,0.833963395037,-0.154177976787
1218,1263.0,-1.88008442736,0.836733767762,-0.154897640434
1219,1264.0,-1.87261698043,0.839499002901,-0.155592661236
1220,1265.0,-1.86514103086,0.842263793929,-0.156260914362
1221,1266.0,-1.85765653814,0.845032834325,-0.15690027498
1222,1267.0,-1.85016346174,0.847810817565,-0.157508618257
1223,1268.0,-1.84266176115,0.850602437128,-0.158083819363
1224,1269.0,-1.83515139586,0.853412386489,-0.158623753466
1225,1270.0,-1.82763232535,0.856245359127,-0.159126295734
1226,1271.0,-1.8201045091,0.859106048518,-0.159589321336
1227,1272.0,-1.8125679066,0.861999148141,-0.160010705439
1228,1273.0,-1.80502247733,0.864929351472,-0.160388323212
1229,1274.0,-1.79746819879,0.867899736658,-0.16072076986
1230,1275.0,-1.78990512045,0.870906920529,-0.161009520736
1231,1276.0,-1.78233330982,0.873945904585,-0.16125677123
1232,1277.0,-1.77475283438,0.877011690325,-0.161464716731
1233,1278.0,-1.76716376163,0.880099279249,-0.161635552629
1234,1279.0,-1.75956615907,0.883203672855,-0.161771474315
1235,1280.0,-1.75196009418,0.886319872644,-0.161874677177
1236,1281.0,-1.74434563445,0.889442880115,-0.161947356606
1237,1282.0,-1.73672284739,0.892567696767,-0.16199170799
1238,1283.0,-1.72909180048,0.895689324101,-0.162009926721
1239,1284.0,-1.72145256122,0.898802763615,-0.162004208187
1240,1285.0,-1.71380519709,0.901903016809,-0.161976747779
1241,1286.0,-1.7061497756,0.904985085183,-0.161929740886
1242,1287.0,-1.69848636423,0.908043970235,-0.161865382897
1243,1288.0,-1.69081503047,0.911074673466,-0.161785869204
1244,1289.0,-1.68313584183,0.914072196376,-0.161693395194
1245,1290.0,-1.67544886579,0.917031540462,-0.161590156259
1246,1291.0,-1.66775416985,0.919947707226,-0.161478347787
1247,1292.0,-1.66005182149,0.922815698167,-0.161360165169
1248,1293.0,-1.65234188822,0.925630514783,-0.161237803795
1249,1294.0,-1.64462443751,0.928387158576,-0.161113459053
1250,1295.0,-1.63689953688,0.931080631043,-0.160989326334
1251,1296.0,-1.62916725381,0.933705933685,-0.160867601028
1252,1297.0,-1.62142765579,0.936258068001,-0.160750478524
1253,1298.0,-1.61368081031,0.93873203549,-0.160640154212
1254,1299.0,-1.60592658409,0.94112408226,-0.160538325666
1255,1300.0,-1.59816404071,0.943435432846,-0.160444699204
1256,1301.0,-1.59039204297,0.945668556392,-0.160358483326
1257,1302.0,-1.58260945367,0.947825922039,-0.160278886532
1258,1303.0,-1.57481513561,0.949909998933,-0.160205117325
1259,1304.0,-1.56700795159,0.951923256214,-0.160136384205
1260,1305.0,-1.55918676442,0.953868163028,-0.160071895673
1261,1306.0,-1.55135043689,0.955747188516,-0.160010860231
1262,1307.0,-1.5434978318,0.957562801822,-0.159952486379
1263,1308.0,-1.53562781196,0.959317472089,-0.159895982619
1264,1309.0,-1.52773924017,0.961013668459,-0.159840557451
1265,1310.0,-1.51983097922,0.962653860077,-0.159785419378
1266,1311.0,-1.51190189192,0.964240516085,-0.159729776899
1267,1312.0,-1.50395084107,0.965776105626,-0.159672838516
1268,1313.0,-1.49597668947,0.967263097844,-0.159613812731
1269,1314.0,-1.48797829992,0.968703961881,-0.159551908043
1270,1315.0,-1.47995453523,0.97010116688,-0.159486332955
1271,1316.0,-1.47190425818,0.971457181985,-0.159416295967
1272,1317.0,-1.46382633159,0.972774476339,-0.159341005581
1273,1318.0,-1.45571961825,0.974055519084,-0.159259670298
1274,1319.0,-1.44758298096,0.975302779364,-0.159171498618
1275,1320.0,-1.43941528253,0.976518726322,-0.159075699043
1276,1321.0,-1.43121538576,0.977705829101,-0.158971480074
1277,1322.0,-1.42298215345,0.978866556844,-0.158858050212
1278,1323.0,-1.41471512038,0.980002974196,-0.158734886497
1279,1324.0,-1.40641650935,0.981115527808,-0.158602540127
1280,1325.0,-1.39808921512,0.982204259833,-0.158461830837
1281,1326.0,-1.38973613246,0.983269212423,-0.158313578366
1282,1327.0,-1.38136015615,0.984310427733,-0.158158602448
1283,1328.0,-1.37296418096,0.985327947913,-0.15799772282
1284,1329.0,-1.36455110166,0.986321815119,-0.15783175922
1285,1330.0,-1.35612381302,0.987292071501,-0.157661531383
1286,1331.0,-1.34768520982,0.988238759214,-0.157487859045
1287,1332.0,-1.33923818682,0.989161920409,-0.157311561944
1288,1333.0,-1.3307856388,0.990061597241,-0.157133459815
1289,1334.0,-1.32233046054,0.990937831862,-0.156954372396
1290,1335.0,-1.31387554679,0.991790666424,-0.156775119422
1291,1336.0,-1.30542379234,0.99262014308,-0.15659652063
1292,1337.0,-1.29697809196,0.993426303985,-0.156419395757
1293,1338.0,-1.28854134042,0.994209191289,-0.156244564539
1294,1339.0,-1.28011643249,0.994968847147,-0.156072846712
1295,1340.0,-1.27170626294,0.99570531371,-0.155905062013
1296,1341.0,-1.26331372655,0.996418633133,-0.155742030178
1297,1342.0,-1.25494171809,0.997108847568,-0.155584570944
1298,1343.0,-1.24659313233,0.997775999167,-0.155433504047
1299,1344.0,-1.23827086404,0.998420130084,-0.155289649224
1300,1345.0,-1.22997780799,0.999041282471,-0.155153826212
1301,1346.0,-1.22171625607,0.999639838247,-0.155026710098
1302,1347.0,-1.21348608855,1.0002175384,-0.15490839738
1303,1348.0,-1.20528658284,1.00077646366,-0.154798839907
1304,1349.0,-1.19711701632,1.0013186948,-0.15469798953
1305,1350.0,-1.1889766664,1.00184631256,-0.154605798098
1306,1351.0,-1.18086481045,1.00236139768,-0.154522217459
1307,1352.0,-1.17278072589,1.00286603091,-0.154447199465
1308,1353.0,-1.16472369009,1.00336229301,-0.154380695963
1309,1354.0,-1.15669298046,1.00385226472,-0.154322658805
1310,1355.0,-1.14868787439,1.00433802679,-0.154273039838
1311,1356.0,-1.14070764926,1.00482165997,-0.154231790913
1312,1357.0,-1.13275158249,1.00530524501,-0.154198863879
1313,1358.0,-1.12481895144,1.00579086265,-0.154174210587
1314,1359.0,-1.11690903353,1.00628059364,-0.154157782884
1315,1360.0,-1.10902110615,1.00677651874,-0.154149532621
1316,1361.0,-1.10115444668,1.00728071869,-0.154149411647
1317,1362.0,-1.09330833253,1.00779527424,-0.154157371812
1318,1363.0,-1.08548204107,1.00832226614,-0.154173364965
1319,1364.0,-1.07767484972,1.00886377513,-0.154197342957
1320,1365.0,-1.06988603586,1.00942188197,-0.154229257635
1321,1366.0,-1.06211487689,1.0099986674,-0.15426906085
1322,1367.0,-1.05436065019,1.01059621218,-0.154316704452
1323,1368.0,-1.04662263316,1.01121659704,-0.154372140289
1324,1369.0,-1.0389001032,1.01186190275,-0.154435320212
1325,1370.0,-1.0311919807,1.01253360141,-0.154506111643
1326,1371.0,-1.02349575805,1.01323073061,-0.1545840443
1327,1372.0,-1.01580857062,1.0139517193,-0.154668563474
1328,1373.0,-1.00812755382,1.01469499644,-0.154759114456
1329,1374.0,-1.00044984302,1.01545899097,-0.154855142538
1330,1375.0,-0.992772573609,1.01624213185,-0.154956093011
1331,1376.0,-0.98509288098,1.01704284803,-0.155061411165
1332,1377.0,-0.977407900517,1.01785956846,-0.155170542292
1333,1378.0,-0.969714767605,1.0186907221,-0.155282931683
1334,1379.0,-0.962010617632,1.01953473789,-0.155398024629
1335,1380.0,-0.954292585984,1.02039004479,-0.155515266422
1336,1381.0,-0.946557808047,1.02125507175,-0.155634102352
1337,1382.0,-0.938803419209,1.02212824772,-0.15575397771
1338,1383.0,-0.931026554857,1.02300800166,-0.155874337789
1339,1384.0,-0.923224350375,1.02389276251,-0.155994627878
1340,1385.0,-0.915393941152,1.02478095923,-0.156114293269
1341,1386.0,-0.907532462574,1.02567102077,-0.156232779254
1342,1387.0,-0.899637050027,1.02656137608,-0.156349531123
1343,1388.0,-0.891704838899,1.02745045411,-0.156463994167
1344,1389.0,-0.883732964575,1.02833668383,-0.156575613678
1345,1390.0,-0.875718562442,1.02921849417,-0.156683834947
1346,1391.0,-0.867658767888,1.03009431409,-0.156788103265
1347,1392.0,-0.859550716298,1.03096257254,-0.156887863922
1348,1393.0,-0.851391543059,1.03182169847,-0.156982562212
1349,1394.0,-0.843179523999,1.03267025183,-0.157071717507
1350,1395.0,-0.834917496706,1.03350731649,-0.157155145517
1351,1396.0,-0.826609439211,1.0343321073,-0.157232736035
1352,1397.0,-0.818259329543,1.03514383913,-0.157304378854
1353,1398.0,-0.809871145733,1.03594172684,-0.157369963766
1354,1399.0,-0.80144886581,1.0367249853,-0.157429380564
1355,1400.0,-0.792996467804,1.03749282935,-0.157482519042
1356,1401.0,-0.784517929746,1.03824447387,-0.157529268991
1357,1402.0,-0.776017229664,1.03897913372,-0.157569520204
1358,1403.0,-0.767498345589,1.03969602375,-0.157603162475
1359,1404.0,-0.758965255551,1.04039435883,-0.157630085595
1360,1405.0,-0.750421937579,1.04107335381,-0.157650179359
1361,1406.0,-0.741872369704,1.04173222357,-0.157663333557
1362,1407.0,-0.733320529956,1.04237018295,-0.157669437984
1363,1408.0,-0.724770396364,1.04298644683,-0.157668382432
1364,1409.0,-0.716225946958,1.04358023005,-0.157660056694
1365,1410.0,-0.707691159768,1.0441507475,-0.157644350562
1366,1411.0,-0.699170012824,1.04469721401,-0.157621153829
1367,1412.0,-0.690666484156,1.04521884446,-0.157590356289
1368,1413.0,-0.682184551794,1.04571485371,-0.157551847733
1369,1414.0,-0.673728193767,1.04618445662,-0.157505517954
1370,1415.0,-0.665301388106,1.04662686804,-0.157451256746
1371,1416.0,-0.656908112841,1.04704130284,-0.157388953901
1372,1417.0,-0.648552346001,1.04742697589,-0.157318499212
1373,1418.0,-0.640237111449,1.04778349429,-0.157239869558
1374,1419.0,-0.631961616382,1.04811203418,-0.157153390166
1375,1420.0,-0.623724113828,1.04841416394,-0.157059473351
1376,1421.0,-0.615522856817,1.04869145196,-0.156958531425
1377,1422.0,-0.607356098378,1.04894546662,-0.156850976704
1378,1423.0,-0.599222091541,1.04917777632,-0.156737221501
1379,1424.0,-0.591119089333,1.04938994942,-0.156617678129
1380,1425.0,-0.583045344785,1.04958355433,-0.156492758904
1381,1426.0,-0.574999110925,1.04976015942,-0.156362876137
1382,1427.0,-0.566978640784,1.04992133309,-0.156228442144
1383,1428.0,-0.558982187389,1.05006864371,-0.156089869238
1384,1429.0,-0.55100800377,1.05020365967,-0.155947569733
1385,1430.0,-0.543054342957,1.05032794936,-0.155801955944
1386,1431.0,-0.535119457978,1.05044308116,-0.155653440183
1387,1432.0,-0.527201601863,1.05055062346,-0.155502434765
1388,1433.0,-0.519299027641,1.05065214465,-0.155349352003
1389,1434.0,-0.51140998834,1.0507492131,-0.155194604212
1390,1435.0,-0.503532736991,1.05084339721,-0.155038603705
1391,1436.0,-0.495665526622,1.05093626536,-0.154881762796
1392,1437.0,-0.487806610263,1.05102938593,-0.1547244938
1393,1438.0,-0.479954240942,1.05112432732,-0.154567209029
1394,1439.0,-0.472106671689,1.0512226579,-0.154410320798
1395,1440.0,-0.464262155533,1.05132594606,-0.154254241421
1396,1441.0,-0.456418945503,1.05143576019,-0.154099383212
1397,1442.0,-0.448575204834,1.05155309009,-0.153946176146
1398,1443.0,-0.440728737582,1.05167661124,-0.153795120854
1399,1444.0,-0.432877258009,1.05180442051,-0.153646735627
1400,1445.0,-0.425018480377,1.05193461481,-0.153501538755
1401,1446.0,-0.417150118947,1.05206529102,-0.153360048532
1402,1447.0,-0.409269887982,1.05219454603,-0.153222783248
1403,1448.0,-0.401375501743,1.05232047673,-0.153090261195
1404,1449.0,-0.393464674491,1.05244118002,-0.152963000665
1405,1450.0,-0.38553512049,1.05255475278,-0.152841519949
1406,1451.0,-0.377584554,1.05265929189,-0.152726337338
1407,1452.0,-0.369610689284,1.05275289426,-0.152617971126
1408,1453.0,-0.361611240602,1.05283365677,-0.152516939602
1409,1454.0,-0.353583922218,1.05289967632,-0.152423761059
1410,1455.0,-0.345526448392,1.05294904978,-0.152338953789
1411,1456.0,-0.337436533387,1.05297987405,-0.152263036082
1412,1457.0,-0.329311891465,1.05299024602,-0.152196526231
1413,1458.0,-0.321150236886,1.05297826259,-0.152139942526
1414,1459.0,-0.312949283914,1.05294202063,-0.152093803261
1415,1460.0,-0.304706746809,1.05287961704,-0.152058626726
1416,1461.0,-0.296420339834,1.05278914872,-0.152034931213
1417,1462.0,-0.288087777251,1.05266871254,-0.152023235013
1418,1463.0,-0.27970677332,1.0525164054,-0.152024056419
1419,1464.0,-0.271275042305,1.05233032419,-0.152037913721
1420,1465.0,-0.262790298466,1.0521085658,-0.152065325212
1421,1466.0,-0.254251920675,1.0518498715,-0.152106571251
1422,1467.0,-0.245665946236,1.05155556006,-0.152160980473
1423,1468.0,-0.237040077065,1.05122759463,-0.15222764358
1424,1469.0,-0.228382015074,1.05086793837,-0.152305651277
1425,1470.0,-0.219699462179,1.05047855442,-0.152394094265
1426,1471.0,-0.211000120294,1.05006140595,-0.152492063247
1427,1472.0,-0.202291691332,1.04961845609,-0.152598648927
1428,1473.0,-0.193581877208,1.04915166801,-0.152712942007
1429,1474.0,-0.184878379836,1.04866300486,-0.15283403319
1430,1475.0,-0.17618890113,1.04815442979,-0.152961013179
1431,1476.0,-0.167521143005,1.04762790595,-0.153092972677
1432,1477.0,-0.158882807374,1.04708539649,-0.153229002388
1433,1478.0,-0.150281596152,1.04652886456,-0.153368193012
1434,1479.0,-0.141725211253,1.04596027333,-0.153509635255
1435,1480.0,-0.133221354592,1.04538158593,-0.153652419818
1436,1481.0,-0.124777728081,1.04479476552,-0.153795637405
1437,1482.0,-0.116402033636,1.04420177526,-0.153938378717
1438,1483.0,-0.10810197317,1.0436045783,-0.15407973446
1439,1484.0,-0.0998852485989,1.04300513778,-0.154218795334
1440,1485.0,-0.0917595618354,1.04240541687,-0.154354652044
1441,1486.0,-0.083732614794,1.0418073787,-0.154486395291
1442,1487.0,-0.075812109389,1.04121298645,-0.154613115779
1443,1488.0,-0.0680057475346,1.04062420324,-0.154733904212
1444,1489.0,-0.0603169874363,1.0400421932,-0.154848068904
1445,1490.0,-0.0527323124651,1.03946492423,-0.15495578863
1446,1491.0,-0.0452339622835,1.03888956519,-0.155057459776
1447,1492.0,-0.0378041765538,1.03831328493,-0.155153478727
1448,1493.0,-0.0304251949384,1.03773325232,-0.155244241872
1449,1494.0,-0.0230792570996,1.03714663622,-0.155330145595
1450,1495.0,-0.0157486027,1.03655060548,-0.155411586284
1451,1496.0,-0.00841547140188,1.03594232897,-0.155488960325
1452,1497.0,-0.00106210286762,1.03531897555,-0.155562664104
1453,1498.0,0.00632926324037,1.03467771406,-0.155633094008
1454,1499.0,0.0137763872597,1.03401571338,-0.155700646424
1455,1500.0,0.021297029528,1.03333014237,-0.155765717737
1456,1501.0,0.0289089503828,1.03261816987,-0.155828704335
1457,1502.0,0.0366299101618,1.03187696476,-0.155890002604
1458,1503.0,0.0444776692025,1.03110369589,-0.15595000893
1459,1504.0,0.0524699878426,1.03029553212,-0.1560091197
1460,1505.0,0.0606246264197,1.02944964231,-0.1560677313
1461,1506.0,0.0689593452714,1.02856319531,-0.156126240117
1462,1507.0,0.0774919047353,1.02763336,-0.156185042537
1463,1508.0,0.086240065149,1.02665730522,-0.156244534946
1464,1509.0,0.0952215868501,1.02563219985,-0.156305113732
1465,1510.0,0.104454230176,1.02455521273,-0.156367175281
1466,1511.0,0.113955755465,1.02342351272,-0.156431115978
1467,1512.0,0.123743923054,1.02223426869,-0.156497332212
1468,1513.0,0.13382417956,1.02098657569,-0.156566082722
1469,1514.0,0.144152716716,1.01968723356,-0.156637075675
1470,1515.0,0.154673412535,1.01834496832,-0.156709881589
1471,1516.0,0.165330145029,1.01696850602,-0.156784070984
1472,1517.0,0.17606679221,1.01556657266,-0.156859214379
1473,1518.0,0.186827232091,1.0141478943,-0.156934882295
1474,1519.0,0.197555342683,1.01272119695,-0.157010645252
1475,1520.0,0.208195002001,1.01129520665,-0.157086073768
1476,1521.0,0.218690088055,1.00987864943,-0.157160738363
1477,1522.0,0.228984478858,1.00848025133,-0.157234209558
1478,1523.0,0.239022052423,1.00710873836,-0.157306057871
1479,1524.0,0.248746686762,1.00577283656,-0.157375853823
1480,1525.0,0.258102259888,1.00448127196,-0.157443167933
1481,1526.0,0.267032649812,1.0032427706,-0.157507570721
1482,1527.0,0.275481734547,1.0020660585,-0.157568632707
1483,1528.0,0.283393392105,1.00095986169,-0.157625924409
1484,1529.0,0.290711500499,0.999932906202,-0.157679016349
1485,1530.0,0.297379937742,0.99899391807,-0.157727479045
1486,1531.0,0.303342581845,0.998151623323,-0.157770883017
1487,1532.0,0.308543310821,0.997414747991,-0.157808798786
1488,1533.0,0.312926002682,0.996792018105,-0.15784079687
1489,1534.0,0.316434535442,0.996292159695,-0.157866447789
1490,1535.0,0.319012787111,0.995923898791,-0.157885322063
1491,1536.0,0.320604635702,0.995695961424,-0.157896990212
1492,1537.0,0.321153959229,0.995617073625,-0.157901022755
1493,1538.0,0.320604635702,0.995695961424,-0.157896990212
